Tabela 1.1                 Municípios brasileiros que participam de arranjos populacionais – 2010;;;;;;;;;;
Arranjos populacionais e municípios brasileiros;Código do município;População;Núcleo;Pessoas que trabalham e estudam em outros municípios do arranjo;Índice de integração do município com o arranjo;Mancha Urbanizada Contígua;Município desmembrado de outro do arranjo, após 1988;Nível;Via;Iteração
Adamantina - Lucélia/SP;;;;;;;;;;
Adamantina (SP);3500105;33797;Sim;2268;0.097906;Sim;Não;1;-;0
Inúbia Paulista (SP);3520806;3630;Não;423;0.171951;Não;Não;1;-;1
Lucélia (SP);3527405;19882;Sim;2289;0.177731;Sim;Não;1;-;0
Mariápolis (SP);3528908;3916;Não;499;0.19584;Não;Não;1;-;1
Pracinha (SP);3540853;2858;Não;261;0.26284;Não;Sim;1;-;0
Adrianópolis/PR - Ribeira/SP;;;;;;;;;;
Adrianópolis (PR);4100202;6376;Sim;180;0.04401;Sim;Não;1;-;0
Ribeira (SP);3542800;3358;Sim;180;0.083604;Sim;Não;1;-;0
Águas de Lindóia/SP;;;;;;;;;;
Águas de Lindóia (SP);3500501;17266;Sim;458;0.038371;Sim;Não;1;-;0
Lindóia (SP);3527009;6712;Não;458;0.092656;Sim;Não;1;-;0
Além Paraíba/MG - Sapucaia/RJ;;;;;;;;;;
Além Paraíba (MG);3101508;34349;Sim;2197;0.094694;Não;Não;1;-;0
Sapucaia (RJ);3305406;17525;Sim;2197;0.195219;Não;Não;1;-;0
Alto Araguaia/MT;;;;;;;;;;
Alto Araguaia (MT);5100300;15644;Sim;1435;0.127059;Sim;Não;1;-;0
Santa Rita do Araguaia (GO);5219407;6924;Não;1435;0.298089;Sim;Não;1;-;0
Alto Parnaíba/MA - Santa Filomena/PI;;;;;;;;;;
Alto Parnaíba (MA);2100501;10766;Sim;166;0.02393;Sim;Não;1;-;0
Santa Filomena (PI);2209203;6096;Não;166;0.043308;Sim;Não;1;-;0
Alvorada do Norte - Simolândia/GO;;;;;;;;;;
Alvorada do Norte (GO);5200803;8084;Sim;418;0.072007;Sim;Não;1;-;0
Simolândia (GO);5220686;6514;Sim;418;0.101358;Sim;Não;1;-;0
Amarante/PI - São Francisco do Maranhão/MA;;;;;;;;;;
Amarante (PI);2200509;17135;Sim;316;0.028795;Sim;Não;1;-;0
São Francisco do Maranhão (MA);2110906;12146;Sim;316;0.040158;Sim;Não;1;-;0
Americana - Santa Bárbara d´Oeste/SP;;;;;;;;;;
Americana (SP);3501608;210638;Sim;41118;0.265079;Sim;Não;1;-;0
Nova Odessa (SP);3533403;51242;Não;10848;0.293427;Sim;Não;1;-;0
Santa Bárbara d´Oeste (SP);3545803;180009;Sim;35560;0.27285;Sim;Não;1;-;0
Amparo/SP;;;;;;;;;;
Amparo (SP);3501905;65829;Sim;1218;0.025365;Sim;Não;1;-;0
Monte Alegre do Sul (SP);3531209;7152;Não;1218;0.231471;Sim;Não;1;-;0
Angical do Piauí/PI;;;;;;;;;;
Angical do Piauí (PI);2200608;6672;Sim;105;0.024233;Sim;Não;1;-;0
Santo Antônio dos Milagres (PI);2209450;2059;Não;105;0.075922;Sim;Não;1;-;0
Antônio Prado/RS;;;;;;;;;;
Antônio Prado (RS);4300802;12833;Sim;517;0.049384;Sim;Não;1;-;0
Ipê (RS);4310439;6016;Não;517;0.10735;Sim;Não;1;-;0
Aquidauana - Anastácio/MS;;;;;;;;;;
Anastácio (MS);5000708;23835;Sim;3572;0.207469;Sim;Não;1;-;0
Aquidauana (MS);5001102;45614;Sim;3572;0.114172;Sim;Não;1;-;0
Aracaju/SE;;;;;;;;;;
Aracaju (SE);2800308;571149;Sim;86935;0.213812;Sim;Não;1;-;0
Barra dos Coqueiros (SE);2800605;24976;Não;5362;0.347392;Sim;Não;1;-;0
Carmópolis (SE);2801504;13503;Não;3310;0.364778;Não;Não;1;-;0
Divina Pastora (SE);2802007;4326;Não;761;0.256921;Não;Não;1;-;2
General Maynard (SE);2802502;2929;Não;791;0.415441;Não;Não;2;Via Carmópolis (SE);0
Laranjeiras (SE);2803609;26902;Não;5004;0.300108;Não;Não;1;-;0
Maruim (SE);2804003;16343;Não;2348;0.225856;Não;Não;1;-;1
Nossa Senhora do Socorro (SE);2804805;160827;Não;49533;0.446038;Sim;Não;1;-;0
Riachuelo (SE);2805901;9355;Não;1359;0.221552;Não;Não;1;-;1
Rosário do Catete (SE);2806107;9221;Não;2257;0.366873;Não;Não;1;-;1
São Cristóvão (SE);2806701;78864;Não;30049;0.544988;Não;Não;1;-;0
Siriri (SE);2807204;8004;Não;1097;0.219752;Não;Não;1;-;2
Araranguá/SC;;;;;;;;;;
Araranguá (SC);4201406;61310;Sim;2090;0.044725;Não;Não;1;-;0
Balneário Arroio do Silva (SC);4201950;9586;Não;1831;0.290635;Não;Sim;1;-;0
Ermo (SC);4205191;2050;Não;281;0.182705;Não;Não;1;-;0
Araraquara/SP;;;;;;;;;;
Américo Brasiliense (SP);3501707;34478;Não;9857;0.395577;Sim;Não;1;-;0
Araraquara (SP);3503208;208662;Sim;11927;0.078826;Sim;Não;1;-;0
Gavião Peixoto (SP);3516853;4419;Não;1595;0.456105;Não;Sim;1;-;0
Rincão (SP);3543709;10414;Não;1276;0.176146;Não;Não;1;-;1
Santa Lúcia (SP);3546900;8248;Não;2745;0.495935;Sim;Não;1;-;0
Araripina/PE;;;;;;;;;;
Araripina (PE);2601102;77302;Sim;1523;0.028426;Não;Não;1;-;0
Marcolândia (PI);2205953;7812;Não;1523;0.270227;Não;Não;1;-;0
Araruama/RJ;;;;;;;;;;
Araruama (RJ);3300209;112008;Sim;1151;0.015484;Sim;Não;1;-;0
Iguaba Grande (RJ);3301876;22851;Não;1151;0.079919;Sim;Não;1;-;0
Araxá/MG;;;;;;;;;;
Araxá (MG);3104007;93672;Sim;835;0.012031;Não;Não;1;-;0
Tapira (MG);3168101;4112;Não;835;0.269616;Não;Não;1;-;0
Arenápolis - Nortelândia/MT;;;;;;;;;;
Arenápolis (MT);5101308;10316;Sim;265;0.036187;Sim;Não;1;-;0
Nortelândia (MT);5106000;6436;Sim;265;0.059995;Sim;Não;1;-;0
Artur Nogueira/SP;;;;;;;;;;
Artur Nogueira (SP);3503802;44177;Sim;2836;0.085926;Não;Não;1;-;0
Holambra (SP);3519055;11299;Não;2836;0.31042;Não;Sim;1;-;0
Atibaia/SP;;;;;;;;;;
Atibaia (SP);3504107;126603;Sim;2317;0.024937;Sim;Não;1;-;0
Bom Jesus dos Perdões (SP);3507100;19708;Não;2317;0.172063;Sim;Não;1;-;0
Bagé/RS;;;;;;;;;;
Aceguá (RS);4300034;4394;Não;616;0.209239;Não;Sim;1;-;0
Bagé (RS);4301602;116794;Sim;3313;0.042645;Não;Não;1;-;0
Candiota (RS);4304358;8771;Não;2153;0.341692;Não;Sim;1;-;0
Hulha Negra (RS);4309654;6043;Não;1150;0.275383;Não;Sim;1;-;0
Baixada Santista/SP;;;;;;;;;;
Cubatão (SP);3513504;118720;Não;38891;0.486362;Sim;Não;1;-;0
Guarujá (SP);3518701;290752;Sim;25816;0.129561;Sim;Não;1;-;0
Itanhaém (SP);3522109;87057;Não;3696;0.063096;Sim;Não;3;Via Mongaguá (SP);0
Mongaguá (SP);3531100;46293;Não;4585;0.157566;Sim;Não;2;Via Praia Grande (SP);0
Praia Grande (SP);3541000;262051;Sim;37890;0.212549;Sim;Não;1;-;0
Santos (SP);3548500;419400;Sim;126157;0.441476;Sim;Não;1;-;0
São Vicente (SP);3551009;332445;Sim;89899;0.398241;Sim;Não;1;-;0
Barbacena/MG;;;;;;;;;;
Alfredo Vasconcelos (MG);3101631;6075;Não;886;0.218227;Não;Não;1;-;0
Antônio Carlos (MG);3102902;11114;Não;1824;0.258834;Não;Não;1;-;0
Barbacena (MG);3105608;126284;Sim;2664;0.032665;Não;Não;1;-;0
Barra Bonita - Igaraçu do Tietê/SP;;;;;;;;;;
Barra Bonita (SP);3505302;35246;Sim;3257;0.127466;Sim;Não;1;-;0
Igaraçu do Tietê (SP);3520004;23362;Sim;3257;0.200826;Sim;Não;1;-;0
Barra do Garças/MT;;;;;;;;;;
Aragarças (GO);5201702;18305;Não;4771;0.36893;Sim;Não;1;-;0
Barra do Garças (MT);5101803;56560;Sim;6286;0.161328;Sim;Não;1;-;0
Pontal do Araguaia (MT);5106653;5395;Não;2463;0.618068;Sim;Não;1;-;0
Bauru/SP;;;;;;;;;;
Bauru (SP);3506003;343937;Sim;2299;0.00923;Sim;Não;1;-;0
Piratininga (SP);3539400;12072;Não;2299;0.261339;Sim;Não;1;-;0
Belém/PA;;;;;;;;;;
Ananindeua (PA);1500800;471980;Não;102379;0.305425;Sim;Não;1;-;0
Belém (PA);1501402;1393399;Sim;113341;0.116402;Sim;Não;1;-;0
Benevides (PA);1501501;51651;Não;8557;0.241219;Sim;Não;1;-;0
Marituba (PA);1504422;108246;Não;22081;0.299749;Sim;Sim;1;-;0
Belo Horizonte/MG;;;;;;;;;;
Belo Horizonte (MG);3106200;2375151;Sim;452064;0.255871;Sim;Não;1;-;0
Betim (MG);3106705;378089;Não;97944;0.35356;Sim;Não;1;-;0
Brumadinho (MG);3109006;33973;Não;5239;0.212587;Não;Não;1;-;1
Caeté (MG);3110004;40750;Não;5020;0.185637;Não;Não;1;-;1
Confins (MG);3117876;5936;Não;4264;0.929584;Sim;Sim;1;-;0
Contagem (MG);3118601;603442;Não;194652;0.437599;Sim;Não;1;-;0
Esmeraldas (MG);3124104;60271;Não;14671;0.352702;Não;Não;1;-;1
Ibirité (MG);3129806;158954;Não;56968;0.505475;Sim;Não;1;-;0
Igarapé (MG);3130101;34851;Não;5852;0.243448;Sim;Não;3;Via São Joaquim de Bicas (MG);0
Juatuba (MG);3136652;22202;Não;2805;0.18193;Não;Não;1;-;1
Lagoa Santa (MG);3137601;52520;Não;10124;0.255334;Sim;Não;2;Via Vespasiano (MG);0
Mário Campos (MG);3140159;13192;Não;3311;0.356175;Sim;Sim;3;Via Sarzedo (MG);0
Nova Lima (MG);3144805;80998;Não;30273;0.493512;Sim;Não;1;-;0
Pedro Leopoldo (MG);3149309;58740;Não;8467;0.204068;Sim;Não;2;Via Confins (MG);0
Raposos (MG);3153905;15342;Não;4819;0.4752;Não;Não;1;-;0
Ribeirão das Neves (MG);3154606;296317;Não;97370;0.455096;Não;Não;1;-;0
Rio Acima (MG);3154804;9090;Não;1764;0.274638;Não;Não;1;-;1
Sabará (MG);3156700;126269;Não;42913;0.472688;Sim;Não;1;-;0
Santa Luzia (MG);3157807;202942;Não;55031;0.383545;Sim;Não;1;-;0
São Joaquim de Bicas (MG);3162922;25537;Não;5668;0.350786;Sim;Sim;2;Via Betim (MG);0
São José da Lapa (MG);3162955;19799;Não;5784;0.399558;Sim;Sim;1;-;0
Sarzedo (MG);3165537;25814;Não;8083;0.4319;Sim;Sim;2;Via Betim (MG);0
Vespasiano (MG);3171204;104527;Não;34474;0.460636;Sim;Não;1;-;0
Bento Gonçalves/RS;;;;;;;;;;
Bento Gonçalves (RS);4302105;107278;Sim;4707;0.05654;Sim;Não;1;-;0
Carlos Barbosa (RS);4304804;25192;Não;2814;0.133974;Sim;Não;2;Via Garibaldi (RS);0
Garibaldi (RS);4308607;30689;Não;4669;0.195217;Sim;Não;1;-;0
Monte Belo do Sul (RS);4312385;2670;Não;546;0.275618;Não;Sim;1;-;0
Bicas/MG;;;;;;;;;;
Bicas (MG);3106903;13653;Sim;616;0.072148;Sim;Não;1;-;0
Guarará (MG);3128501;3929;Não;616;0.23839;Sim;Não;1;-;0
Birigui/SP;;;;;;;;;;
Birigui (SP);3506508;108728;Sim;2126;0.02607;Não;Não;1;-;0
Braúna (SP);3507704;5021;Não;613;0.177578;Não;Não;1;-;1
Brejo Alegre (SP);3507753;2573;Não;877;0.484798;Não;Sim;1;-;0
Coroados (SP);3512506;5238;Não;1184;0.303901;Não;Não;1;-;0
Blumenau/SC;;;;;;;;;;
Blumenau (SC);4202404;309011;Sim;13479;0.055007;Sim;Não;1;-;0
Gaspar (SC);4205902;57981;Não;9055;0.197751;Sim;Não;1;-;0
Ilhota (SC);4207106;12355;Não;1672;0.178862;Não;Não;1;-;1
Indaial (SC);4207502;54854;Não;5526;0.123104;Sim;Não;1;-;0
Boituva - Iperó/SP;;;;;;;;;;
Boituva (SP);3507001;48314;Sim;1344;0.038584;Sim;Não;1;-;0
Iperó (SP);3521002;28300;Sim;1344;0.074837;Sim;Não;1;-;0
Bom Jesus do Itabapoana/RJ;;;;;;;;;;
Bom Jesus do Itabapoana (RJ);3300605;35411;Sim;2932;0.121037;Sim;Não;1;-;0
Bom Jesus do Norte (ES);3201100;9476;Não;2932;0.459129;Sim;Não;1;-;0
Brasília/DF;;;;;;;;;;
Águas Lindas de Goiás (GO);5200258;159378;Não;45494;0.391134;Não;Sim;1;-;0
Brasília (DF);5300108;2570160;Sim;190371;0.097564;Sim;Não;1;-;0
Cidade Ocidental (GO);5205497;55915;Não;19120;0.460025;Sim;Sim;1;-;0
Luziânia (GO);5212501;174531;Não;31225;0.252523;Sim;Não;1;-;0
Novo Gama (GO);5215231;95018;Não;30352;0.457681;Sim;Sim;1;-;0
Padre Bernardo (GO);5215603;27671;Não;3380;0.180517;Não;Sim;1;-;0
Planaltina (GO);5217609;81649;Não;18511;0.316752;Não;Não;1;-;0
Santo Antônio do Descoberto (GO);5219753;63248;Não;15815;0.350564;Não;Sim;1;-;0
Valparaíso de Goiás (GO);5221858;132982;Não;44744;0.447915;Sim;Sim;1;-;0
Brejões - Nova Itarana/BA;;;;;;;;;;
Brejões (BA);2904308;14282;Sim;759;0.084053;Não;Não;1;-;0
Nova Itarana (BA);2922805;7435;Sim;759;0.176143;Não;Não;1;-;0
Brusque/SC;;;;;;;;;;
Botuverá (SC);4202701;4468;Não;706;0.203811;Não;Não;1;-;0
Brusque (SC);4202909;105503;Sim;3648;0.043937;Sim;Não;1;-;0
Guabiruba (SC);4206306;18430;Não;3110;0.226346;Sim;Não;1;-;0
Cabo Frio/RJ;;;;;;;;;;
Armação dos Búzios (RJ);3300233;27560;Não;8118;0.400237;Sim;Sim;1;-;0
Arraial do Cabo (RJ);3300258;27715;Não;3311;0.16956;Sim;Não;1;-;0
Cabo Frio (RJ);3300704;186227;Sim;23489;0.177124;Sim;Não;1;-;0
São Pedro da Aldeia (RJ);3305208;87875;Não;14946;0.247594;Sim;Não;1;-;0
Cachoeira - Muritiba - Governador Mangabeira/BA;;;;;;;;;;
Cachoeira (BA);2904902;32026;Sim;1629;0.073339;Sim;Não;1;-;0
Governador Mangabeira (BA);2911600;19818;Não;744;0.051474;Sim;Não;1;-;0
Muritiba (BA);2922300;28899;Sim;1496;0.080223;Sim;Não;1;-;0
São Félix (BA);2929008;14098;Não;1417;0.148782;Sim;Não;1;-;0
Caetés - Capoeiras/PE;;;;;;;;;;
Caetés (PE);2603207;26577;Sim;172;0.010026;Sim;Não;1;-;0
Capoeiras (PE);2603801;19593;Sim;172;0.01255;Sim;Não;1;-;0
Caiçara - Logradouro/PB;;;;;;;;;;
Caiçara (PB);2503605;7220;Sim;183;0.037416;Sim;Não;1;-;0
Logradouro (PB);2508554;3942;Sim;183;0.071429;Sim;Sim;1;-;0
Caiçara do Norte/RN;;;;;;;;;;
Caiçara do Norte (RN);2401859;6016;Sim;479;0.127022;Sim;Sim;1;-;0
São Bento do Norte (RN);2411601;2975;Não;479;0.270469;Sim;Não;1;-;0
Caldas Novas/GO;;;;;;;;;;
Caldas Novas (GO);5204508;70473;Sim;899;0.017213;Não;Não;1;-;0
Rio Quente (GO);5218789;3312;Não;899;0.330758;Não;Sim;1;-;0
Cambuí/MG;;;;;;;;;;
Cambuí (MG);3110608;26488;Sim;452;0.023563;Sim;Não;1;-;0
Córrego do Bom Jesus (MG);3119906;3730;Não;452;0.186085;Sim;Não;1;-;0
Campina Grande/PB;;;;;;;;;;
Campina Grande (PB);2504009;385213;Sim;14039;0.052547;Sim;Não;1;-;0
Lagoa Seca (PB);2508307;25900;Não;4643;0.250959;Sim;Não;1;-;0
Massaranduba (PB);2509206;12902;Não;1892;0.226343;Não;Não;1;-;0
Puxinanã (PB);2512408;12923;Não;2876;0.31065;Não;Não;1;-;0
Queimadas (PB);2512507;41049;Não;6102;0.215908;Não;Não;1;-;0
Campinas/SP;;;;;;;;;;
Campinas (SP);3509502;1080113;Sim;127498;0.162174;Sim;Não;1;-;0
Cosmópolis (SP);3512803;58827;Não;9044;0.224768;Não;Não;2;Via Paulínia (SP);0
Hortolândia (SP);3519071;192692;Não;58472;0.421071;Sim;Sim;1;-;0
Monte Mor (SP);3531803;48949;Não;9796;0.279136;Sim;Não;1;-;0
Paulínia (SP);3536505;82146;Não;27275;0.432751;Sim;Não;1;-;0
Sumaré (SP);3552403;241311;Não;51788;0.29881;Sim;Não;1;-;0
Valinhos (SP);3556206;106793;Não;27886;0.345043;Sim;Não;1;-;0
Vinhedo (SP);3556701;63611;Não;12313;0.252844;Sim;Não;1;-;0
Campos dos Goytacazes/RJ;;;;;;;;;;
Campos dos Goytacazes (RJ);3301009;463731;Sim;3913;0.012491;Não;Não;1;-;0
São João da Barra (RJ);3305000;32747;Sim;3913;0.174205;Não;Não;1;-;0
Canela - Gramado/RS;;;;;;;;;;
Canela (RS);4304408;39229;Sim;5444;0.190336;Sim;Não;1;-;0
Gramado (RS);4309100;32273;Sim;5444;0.214339;Sim;Não;1;-;0
Canoinhas/SC;;;;;;;;;;
Canoinhas (SC);4203808;52765;Sim;2541;0.068147;Não;Não;1;-;0
Três Barras (SC);4218301;18129;Não;2541;0.20936;Não;Não;1;-;0
Capão Bonito/SP;;;;;;;;;;
Capão Bonito (SP);3510203;46178;Sim;1046;0.032863;Não;Não;1;-;0
Ribeirão Grande (SP);3543253;7422;Não;1046;0.211399;Não;Sim;1;-;0
Capão da Canoa/RS;;;;;;;;;;
Capão da Canoa (RS);4304630;42040;Sim;2552;0.084928;Sim;Não;1;-;0
Terra de Areia (RS);4321436;9878;Não;471;0.068469;Sim;Sim;1;-;0
Xangri-lá (RS);4323804;12434;Não;2089;0.218218;Sim;Sim;1;-;0
Capinzal/SC;;;;;;;;;;
Capinzal (SC);4203907;20769;Sim;2633;0.165348;Sim;Não;1;-;0
Ouro (SC);4211801;7372;Não;1878;0.314468;Sim;Não;1;-;0
Zortéa (SC);4219853;2991;Não;771;0.303543;Não;Não;1;-;0
Capivari/SP;;;;;;;;;;
Capivari (SP);3510401;48576;Sim;2791;0.079103;Sim;Não;1;-;0
Rafard (SP);3542107;8612;Não;2791;0.460485;Sim;Não;1;-;0
Caraguatatuba - Ubatuba - São Sebastião/SP;;;;;;;;;;
Caraguatatuba (SP);3510500;100840;Sim;6509;0.090583;Sim;Não;1;-;0
Ilhabela (SP);3520400;28196;Não;1438;0.064816;Sim;Não;1;-;0
São Sebastião (SP);3550704;73942;Sim;5695;0.097566;Sim;Não;1;-;0
Ubatuba (SP);3555406;78801;Sim;1392;0.023533;Sim;Não;1;-;0
Caraí/MG;;;;;;;;;;
Caraí (MG);3113008;22343;Sim;828;0.055833;Não;Não;1;-;0
Catuji (MG);3115458;6708;Não;828;0.208354;Não;Não;1;-;0
Carolina/MA;;;;;;;;;;
Carolina (MA);2102804;23959;Sim;444;0.027474;Sim;Não;1;-;0
Filadélfia (TO);1707702;8505;Não;444;0.08527;Sim;Não;1;-;0
Cascavel/PR;;;;;;;;;;
Cascavel (PR);4104808;286205;Sim;1717;0.007842;Não;Não;1;-;0
Santa Tereza do Oeste (PR);4124020;10332;Não;1717;0.224915;Não;Sim;1;-;0
Catalão/GO;;;;;;;;;;
Catalão (GO);5205109;86647;Sim;2205;0.034249;Não;Não;1;-;0
Goiandira (GO);5208509;5265;Não;746;0.209022;Não;Não;1;-;0
Ouvidor (GO);5215504;5467;Não;1187;0.326189;Não;Não;1;-;0
Três Ranchos (GO);5221304;2819;Não;390;0.18932;Não;Não;1;-;1
Catanduva/SP;;;;;;;;;;
Catanduva (SP);3511102;112820;Sim;5635;0.069868;Sim;Não;1;-;0
Catiguá (SP);3511201;7127;Não;2049;0.433192;Não;Não;1;-;0
Elisiário (SP);3514924;3120;Não;734;0.337937;Não;Sim;1;-;0
Embaúba (SP);3514957;2423;Não;300;0.172811;Não;Não;1;-;1
Marapoama (SP);3528858;2633;Não;338;0.184397;Não;Não;1;-;1
Novais (SP);3533254;4592;Não;670;0.198577;Não;Não;1;-;0
Pindorama (SP);3538105;15039;Não;2086;0.207459;Sim;Não;1;-;0
Caxambu - Baependi/MG;;;;;;;;;;
Baependi (MG);3104908;18307;Sim;833;0.067718;Sim;Não;1;-;0
Caxambu (MG);3115508;21705;Sim;833;0.055228;Sim;Não;1;-;0
Caxias do Sul/RS;;;;;;;;;;
Caxias do Sul (RS);4305108;435564;Sim;6521;0.019882;Sim;Não;1;-;0
Farroupilha (RS);4307906;63635;Não;5379;0.106325;Sim;Não;1;-;0
Vale Real (RS);4322541;5118;Não;1142;0.270809;Não;Não;1;-;0
Ceres - Rialma/GO;;;;;;;;;;
Ceres (GO);5205406;20722;Sim;1798;0.115776;Sim;Não;1;-;0
Rialma (GO);5218607;10523;Não;1798;0.243731;Sim;Não;1;-;0
Cerquilho - Tietê/SP;;;;;;;;;;
Cerquilho (SP);3511508;39617;Sim;1825;0.060175;Sim;Não;1;-;0
Tietê (SP);3554508;36835;Sim;1825;0.067029;Sim;Não;1;-;0
Cerro Largo/RS;;;;;;;;;;
Cerro Largo (RS);4305207;13289;Sim;352;0.035505;Não;Não;1;-;0
Salvador das Missões (RS);4316477;2669;Não;352;0.170791;Não;Sim;1;-;0
Chapecó/SC;;;;;;;;;;
Chapecó (SC);4204202;183530;Sim;1528;0.010396;Não;Não;1;-;0
Cordilheira Alta (SC);4204350;3767;Não;717;0.242066;Não;Sim;1;-;0
Guatambú (SC);4206652;4679;Não;811;0.231516;Não;Sim;1;-;0
Charqueadas - Triunfo - São Jerônimo/RS;;;;;;;;;;
Charqueadas (RS);4305355;35320;Sim;2427;0.10627;Sim;Não;1;-;0
São Jerônimo (RS);4318408;22134;Sim;2610;0.173664;Sim;Não;1;-;0
Triunfo (RS);4322004;25793;Sim;657;0.034563;Sim;Não;1;-;0
Cidreira - Balneário Pinhal/RS;;;;;;;;;;
Balneário Pinhal (RS);4301636;10856;Sim;291;0.043825;Sim;Sim;1;-;0
Cidreira (RS);4305454;12668;Sim;291;0.036826;Sim;Não;1;-;0
Colorado/PR;;;;;;;;;;
Colorado (PR);4105904;22345;Sim;523;0.032272;Não;Não;1;-;0
Nossa Senhora das Graças (PR);4116406;3836;Não;523;0.193704;Não;Não;1;-;0
Conceição do Almeida - Sapeaçu/BA;;;;;;;;;;
Conceição do Almeida (BA);2908309;17889;Sim;154;0.015451;Sim;Não;1;-;0
Sapeaçu (BA);2929602;16585;Sim;154;0.01278;Sim;Não;1;-;0
Conselheiro Lafaiete/MG;;;;;;;;;;
Congonhas (MG);3118007;48519;Não;6112;0.183032;Não;Não;1;-;1
Conselheiro Lafaiete (MG);3118304;116512;Sim;11789;0.148763;Não;Não;1;-;0
Jeceaba (MG);3135407;5395;Não;3672;1.269271;Não;Não;1;-;0
Ouro Branco (MG);3145901;35268;Não;6517;0.254999;Não;Não;1;-;0
Queluzito (MG);3153806;1861;Não;201;0.183898;Não;Não;1;-;0
São Brás do Suaçuí (MG);3160900;3513;Não;503;0.263765;Não;Não;1;-;1
Cordeiro - Cantagalo/RJ;;;;;;;;;;
Cantagalo (RJ);3301108;19830;Sim;1753;0.120011;Sim;Não;1;-;0
Cordeiro (RJ);3301504;20430;Sim;1753;0.11983;Sim;Não;1;-;0
Criciúma/SC;;;;;;;;;;
Cocal do Sul (SC);4204251;15159;Não;4008;0.356742;Não;Sim;1;-;0
Criciúma (SC);4204608;192308;Sim;25568;0.174736;Sim;Não;1;-;0
Forquilhinha (SC);4205456;22548;Não;7136;0.40378;Sim;Sim;1;-;0
Içara (SC);4207007;58833;Não;10675;0.249912;Sim;Não;1;-;0
Morro da Fumaça (SC);4211207;16126;Não;2514;0.206692;Não;Não;1;-;1
Morro Grande (SC);4211256;2890;Não;408;0.17716;Não;Não;1;-;1
Nova Veneza (SC);4211603;13309;Não;5345;0.524998;Não;Não;1;-;0
Siderópolis (SC);4217600;12998;Não;3259;0.335979;Sim;Não;1;-;0
Treviso (SC);4218350;3527;Não;907;0.37839;Não;Sim;1;-;0
Urussanga (SC);4219002;20223;Não;2878;0.194014;Não;Não;1;-;1
Cruzeiro/SP;;;;;;;;;;
Cruzeiro (SP);3513405;77039;Sim;1406;0.027224;Sim;Não;1;-;0
Lavrinhas (SP);3526605;6590;Não;1406;0.352823;Sim;Não;1;-;0
Cuiabá/MT;;;;;;;;;;
Cuiabá (MT);5103403;551098;Sim;41305;0.098981;Sim;Não;1;-;0
Várzea Grande (MT);5108402;252596;Não;41305;0.225336;Sim;Não;1;-;0
Cuité - Nova Floresta/PB;;;;;;;;;;
Cuité (PB);2505105;19978;Sim;383;0.027351;Sim;Não;1;-;0
Nova Floresta (PB);2510105;10533;Sim;383;0.055052;Sim;Não;1;-;0
Curitiba/PR;;;;;;;;;;
Almirante Tamandaré (PR);4100400;103204;Não;39952;0.520283;Sim;Não;1;-;0
Araucária (PR);4101804;119123;Não;31624;0.352211;Sim;Não;1;-;0
Balsa Nova (PR);4102307;11300;Não;2923;0.362295;Não;Não;2;Via Campo Largo (PR);0
Bocaiúva do Sul (PR);4103107;10987;Não;2198;0.267494;Não;Não;1;-;1
Campina Grande do Sul (PR);4104006;38769;Não;11572;0.399724;Sim;Não;1;-;0
Campo Largo (PR);4104204;112377;Não;21646;0.260356;Sim;Não;1;-;0
Campo Magro (PR);4104253;24843;Não;8513;0.472944;Sim;Sim;1;-;0
Colombo (PR);4105805;212967;Não;74746;0.462617;Sim;Não;1;-;0
Contenda (PR);4106209;15891;Não;2671;0.225706;Não;Não;1;-;1
Curitiba (PR);4106902;1751907;Sim;297948;0.222188;Sim;Não;1;-;0
Fazenda Rio Grande (PR);4107652;81675;Não;22828;0.386117;Sim;Sim;1;-;0
Itaperuçu (PR);4111258;23887;Não;6655;0.397147;Sim;Sim;1;-;0
Mandirituba (PR);4114302;22220;Não;3074;0.191027;Não;Não;1;-;1
Pinhais (PR);4119152;117008;Não;52743;0.601457;Sim;Sim;1;-;0
Piraquara (PR);4119509;93207;Não;30015;0.457916;Sim;Não;1;-;0
Quatro Barras (PR);4120804;19851;Não;9833;0.669595;Sim;Não;1;-;0
Rio Branco do Sul (PR);4122206;30650;Não;6443;0.3013;Sim;Não;1;-;0
São José dos Pinhais (PR);4125506;264210;Não;62922;0.311395;Sim;Não;1;-;0
Curvelo/MG;;;;;;;;;;
Curvelo (MG);3120904;74219;Sim;786;0.015541;Sim;Não;1;-;0
Inimutaba (MG);3131109;6724;Não;786;0.17113;Sim;Não;1;-;0
Duas Estradas - Serra da Raiz/PB;;;;;;;;;;
Duas Estradas (PB);2505808;3638;Sim;255;0.108928;Sim;Não;1;-;0
Serra da Raiz (PB);2515609;3204;Sim;255;0.11927;Sim;Não;1;-;0
Estreito/MA;;;;;;;;;;
Aguiarnópolis (TO);1700301;5162;Não;720;0.211765;Sim;Não;1;-;0
Estreito (MA);2104057;35835;Sim;720;0.030831;Sim;Não;1;-;0
Fernandópolis/SP;;;;;;;;;;
Fernandópolis (SP);3515509;64696;Sim;901;0.019216;Não;Não;1;-;0
Macedônia (SP);3528205;3664;Não;508;0.185537;Não;Não;1;-;0
Pedranópolis (SP);3536901;2558;Não;447;0.256749;Não;Não;1;-;0
Floriano/PI;;;;;;;;;;
Barão de Grajaú (MA);2101509;17841;Não;1389;0.12444;Sim;Não;1;-;0
Floriano (PI);2203909;57690;Sim;1389;0.033365;Sim;Não;1;-;0
Florianópolis/SC;;;;;;;;;;
Águas Mornas (SC);4200606;5548;Não;1615;0.347461;Sim;Não;3;Via Santo Amaro da Imperatriz (SC);0
Antônio Carlos (SC);4201208;7458;Não;1399;0.243941;Não;Não;1;-;1
Biguaçu (SC);4202305;58206;Não;17841;0.411367;Sim;Não;1;-;0
Florianópolis (SC);4205407;421240;Sim;88709;0.27465;Sim;Não;1;-;0
Governador Celso Ramos (SC);4206009;12999;Não;2714;0.285714;Não;Não;1;-;1
Palhoça (SC);4211900;137334;Não;42655;0.400931;Sim;Não;1;-;0
Paulo Lopes (SC);4212304;6692;Não;813;0.185067;Não;Não;1;-;1
Santo Amaro da Imperatriz (SC);4215703;19823;Não;5767;0.376166;Sim;Não;2;Via Palhoça (SC);0
São José (SC);4216602;209804;Não;81590;0.499786;Sim;Não;1;-;0
São Pedro de Alcântara (SC);4217253;4704;Não;1099;0.402564;Não;Sim;1;-;0
Fortaleza/CE;;;;;;;;;;
Aquiraz (CE);2301000;72628;Não;7781;0.162912;Sim;Não;1;-;0
Caucaia (CE);2303709;325441;Não;59378;0.262928;Sim;Não;1;-;0
Eusébio (CE);2304285;46033;Não;11488;0.345441;Sim;Sim;1;-;0
Fortaleza (CE);2304400;2452185;Sim;115585;0.065687;Sim;Não;1;-;0
Itaitinga (CE);2306256;35817;Não;5377;0.251309;Não;Sim;1;-;1
Maracanaú (CE);2307650;209057;Não;45222;0.316721;Sim;Não;1;-;0
Maranguape (CE);2307700;113561;Não;10238;0.140761;Sim;Não;1;-;0
Pacatuba (CE);2309706;72299;Não;13943;0.285993;Não;Não;1;-;1
Franca/SP;;;;;;;;;;
Claraval (MG);3116407;4542;Não;589;0.184639;Não;Não;1;-;0
Cristais Paulista (SP);3513207;7588;Não;1429;0.25883;Sim;Não;1;-;0
Franca (SP);3516200;318640;Sim;6503;0.027497;Sim;Não;1;-;0
Itirapuã (SP);3523701;5914;Não;854;0.208955;Não;Não;1;-;1
Patrocínio Paulista (SP);3536307;13000;Não;1840;0.198747;Não;Não;1;-;0
Restinga (SP);3542701;6587;Não;1769;0.377186;Não;Não;1;-;0
Ribeirão Corrente (SP);3543105;4273;Não;586;0.177522;Não;Não;1;-;1
Gastão Vidigal - Monções/SP;;;;;;;;;;
Gastão Vidigal (SP);3516804;4193;Sim;353;0.119702;Não;Não;1;-;0
Monções (SP);3531001;2132;Sim;353;0.246336;Não;Não;1;-;0
Getúlio Vargas/RS;;;;;;;;;;
Estação (RS);4307559;6011;Não;679;0.15577;Sim;Sim;1;-;0
Getúlio Vargas (RS);4308904;16154;Sim;679;0.057723;Sim;Não;1;-;0
Goianésia/GO;;;;;;;;;;
Barro Alto (GO);5203203;8716;Não;1420;0.216397;Não;Não;1;-;0
Goianésia (GO);5208608;59549;Sim;1606;0.037209;Não;Não;1;-;0
Santa Rita do Novo Destino (GO);5219456;3173;Não;416;0.205635;Não;Sim;1;-;1
Goiânia/GO;;;;;;;;;;
Abadia de Goiás (GO);5200050;6876;Não;1990;0.394606;Não;Sim;1;-;0
Aparecida de Goiânia (GO);5201405;455657;Não;127272;0.374473;Sim;Não;1;-;0
Aragoiânia (GO);5201801;8365;Não;1417;0.238552;Não;Não;1;-;0
Bonfinópolis (GO);5203559;7536;Não;1707;0.318708;Não;Não;1;-;0
Brazabrantes (GO);5203609;3232;Não;593;0.270776;Não;Não;1;-;1
Caldazinha (GO);5204557;3325;Não;648;0.286219;Não;Não;1;-;0
Goiânia (GO);5208707;1302001;Sim;191537;0.192985;Sim;Não;1;-;0
Goianira (GO);5208806;34060;Não;9542;0.387555;Sim;Não;1;-;0
Guapó (GO);5209200;13976;Não;2021;0.206752;Não;Não;1;-;0
Hidrolândia (GO);5209705;17398;Não;2699;0.211852;Não;Não;1;-;1
Nerópolis (GO);5214507;24210;Não;2970;0.172504;Não;Não;1;-;3
Nova Veneza (GO);5215009;8129;Não;1285;0.218537;Não;Não;1;-;2
Santo Antônio de Goiás (GO);5219738;4703;Não;1067;0.310988;Não;Sim;1;-;0
Senador Canedo (GO);5220454;84443;Não;26515;0.423096;Sim;Sim;1;-;0
Trindade (GO);5221403;104488;Não;22175;0.298348;Sim;Não;1;-;0
Guarabira/PB;;;;;;;;;;
Guarabira (PB);2506301;55326;Sim;507;0.013916;Sim;Não;1;-;0
Pilõezinhos (PB);2511707;5155;Não;507;0.142057;Sim;Não;1;-;0
Guaratinguetá/SP;;;;;;;;;;
Aparecida (SP);3502507;35007;Não;9545;0.364383;Sim;Não;1;-;0
Guaratinguetá (SP);3518404;112072;Sim;4851;0.062889;Sim;Não;1;-;0
Potim (SP);3540754;19397;Não;5970;0.468603;Sim;Sim;1;-;0
Roseira (SP);3544301;9599;Não;1724;0.258781;Sim;Não;1;-;0
Guariba/SP;;;;;;;;;;
Guariba (SP);3518602;35486;Sim;1017;0.041888;Não;Não;1;-;0
Santa Ernestina (SP);3546504;5568;Não;1017;0.258779;Não;Não;1;-;0
Igarapava/SP;;;;;;;;;;
Aramina (SP);3503000;5152;Não;775;0.227673;Não;Não;1;-;1
Delta (MG);3121258;8089;Não;1548;0.279372;Não;Não;1;-;0
Igarapava (SP);3520103;27952;Sim;1929;0.099927;Não;Não;1;-;0
Iguape/SP;;;;;;;;;;
Iguape (SP);3520301;28841;Sim;632;0.032819;Sim;Não;1;-;0
Ilha Comprida (SP);3520426;9025;Não;632;0.112096;Sim;Sim;1;-;0
Imbituba/SC;;;;;;;;;;
Garopaba (SC);4205704;18138;Não;661;0.051496;Sim;Não;1;-;0
Imbituba (SC);4207304;40170;Sim;661;0.024419;Sim;Não;1;-;0
Imperatriz/MA;;;;;;;;;;
Davinópolis (MA);2103752;12579;Não;1527;0.177765;Não;Sim;1;-;0
Imperatriz (MA);2105302;247505;Sim;1527;0.008349;Não;Não;1;-;0
Indiara/GO;;;;;;;;;;
Indiara (GO);5209952;13687;Sim;929;0.098432;Não;Não;1;-;0
Jandaia (GO);5211701;6164;Não;929;0.220875;Não;Não;1;-;0
Internacional Chuy/Uruguai - Chuí/Brasil;;;;;;;;;;
Chuí (RS);4305439;5917;Sim;0;0;Sim;Não;1;-;0
Internacional de Artigas/Uruguai - Quaraí/Brasil;;;;;;;;;;
Quaraí (RS);4315305;23021;Sim;0;0;Sim;Não;1;-;0
Internacional de Assis Brasil/Brasil;;;;;;;;;;
Assis Brasil (AC);1200054;6072;Sim;0;0;Sim;Não;1;-;0
Internacional de Bela Vista/Brasil;;;;;;;;;;
Bela Vista (MS);5002100;23181;Sim;0;0;Sim;Não;1;-;0
Internacional de Bella Unión/Uruguai - Monte Caseros/Argentina;;;;;;;;;;
Barra do Quaraí (RS);4301875;4012;Sim;0;0;Sim;Não;1;-;0
Internacional de Bonfim/Brasil - Ireng/Guiana;;;;;;;;;;
Bonfim (RR);1400159;10943;Sim;0;0;Sim;Não;1;-;0
Internacional de Capitán Bado/Paraguai - Coronel Sapucaia/Brasil;;;;;;;;;;
Coronel Sapucaia (MS);5003157;14064;Sim;0;0;Sim;Não;1;-;0
Internacional de Cobija/Bolívia - Brasiléia/Brasil;;;;;;;;;;
Brasiléia (AC);1200104;21398;Sim;1127;0.080754;Sim;Sim;1;-;0
Epitaciolândia (AC);1200252;15100;Não;1127;0.106041;Sim;Não;1;-;0
Internacional de Corumbá/Brasil;;;;;;;;;;
Corumbá (MS);5003207;103703;Sim;4384;0.059896;Sim;Não;1;-;0
Ladário (MS);5005202;19617;Não;4384;0.323877;Sim;Não;1;-;0
Internacional de Dionísio Cerqueira-Barracão/Brasil - Bernardo de Irigoyen/Argentina;;;;;;;;;;
Barracão (PR);4102604;9735;Sim;1505;0.209961;Sim;Não;1;-;0
Dionísio Cerqueira (SC);4205001;14811;Sim;1505;0.146944;Sim;Não;1;-;0
Internacional de Foz do Iguaçu/Brasil - Ciudad del Este/Paraguai;;;;;;;;;;
Foz do Iguaçu (PR);4108304;256088;Sim;2946;0.015521;Sim;Não;1;-;0
Santa Terezinha de Itaipu (PR);4124053;20841;Não;2946;0.187883;Não;Não;1;-;0
Internacional de Garruchos/Brasil;;;;;;;;;;
Garruchos (RS);4308656;3234;Sim;0;0;Sim;Não;1;-;0
Internacional de Guaíra/Brasil;;;;;;;;;;
Guaíra (PR);4108809;30704;Sim;0;0;Sim;Não;1;-;0
Internacional de Guajará-Mirim/Brasil - Guayaramerín/Bolívia;;;;;;;;;;
Guajará-Mirim (RO);1100106;41656;Sim;0;0;Sim;Não;1;-;0
Internacional de Itaqui/Brasil;;;;;;;;;;
Itaqui (RS);4310603;38159;Sim;0;0;Sim;Não;1;-;0
Internacional de Jaguarão/Brasil - Rio Branco/Uruguai;;;;;;;;;;
Jaguarão (RS);4311007;27931;Sim;0;0;Sim;Não;1;-;0
Internacional de Oiapoque/Brasil;;;;;;;;;;
Oiapoque (AP);1600501;20509;Sim;0;0;Não;Não;1;-;0
Internacional de Paranhos/Brasil - Ypejhú/Paraguai;;;;;;;;;;
Paranhos (MS);5006358;12350;Sim;0;0;Sim;Não;1;-;0
Internacional de Pedro Juan Caballero/Paraguai - Ponta Porã/Brasil;;;;;;;;;;
Ponta Porã (MS);5006606;77872;Sim;0;0;Sim;Não;1;-;0
Internacional de Porto Mauá/Brasil - Alba Posse/Argentina;;;;;;;;;;
Porto Mauá (RS);4315057;2542;Sim;0;0;Sim;Não;1;-;0
Internacional de Porto Vera Cruz/Brasil - Panambí/Argentina;;;;;;;;;;
Porto Vera Cruz (RS);4315073;1852;Sim;0;0;Sim;Não;1;-;0
Internacional de Porto Xavier/Brasil - San Javier/Argentina;;;;;;;;;;
Porto Xavier (RS);4315107;10558;Sim;0;0;Sim;Não;1;-;0
Internacional de Sant'Ana do Livramento/Brasil - Rivera/Uruguai;;;;;;;;;;
Sant´Ana do Livramento (RS);4317103;82464;Sim;0;0;Sim;Não;1;-;0
Internacional de Santo Antônio do Sudoeste/Brasil;;;;;;;;;;
Pranchita (PR);4120358;5628;Não;273;0.063034;Sim;Não;1;-;0
Santo Antônio do Sudoeste (PR);4124400;18893;Sim;273;0.020116;Sim;Não;1;-;0
Internacional de São Borja/Brasil;;;;;;;;;;
São Borja (RS);4318002;61671;Sim;0;0;Não;Não;1;-;0
Internacional de Tabatinga/Brasil - Letícia/Colômbia;;;;;;;;;;
Tabatinga (AM);1304062;52272;Sim;0;0;Sim;Não;1;-;0
Internacional de Uruguaiana/Brasil;;;;;;;;;;
Uruguaiana (RS);4322400;125435;Sim;0;0;Sim;Não;1;-;0
Ipatinga/MG;;;;;;;;;;
Belo Oriente (MG);3106309;23397;Não;3176;0.209112;Não;Não;1;-;1
Bugre (MG);3109253;3992;Não;417;0.181147;Não;Não;1;-;2
Coronel Fabriciano (MG);3119401;103694;Não;20909;0.305455;Sim;Não;1;-;0
Ipaba (MG);3131158;16708;Não;2742;0.260152;Não;Não;1;-;0
Ipatinga (MG);3131307;239468;Sim;30670;0.188177;Sim;Não;1;-;0
Jaguaraçu (MG);3135001;2990;Não;746;0.386328;Não;Não;2;Via Timóteo (MG);0
Marliéria (MG);3140308;4012;Não;741;0.293465;Não;Não;1;-;1
Naque (MG);3144359;6341;Não;715;0.176108;Não;Não;1;-;2
Santana do Paraíso (MG);3158953;27265;Não;8449;0.475143;Não;Não;1;-;0
Timóteo (MG);3168705;81243;Não;12367;0.226581;Sim;Não;1;-;0
Itajaí - Balneário Camboriú/SC;;;;;;;;;;
Balneário Camboriú (SC);4202008;108089;Sim;29231;0.352172;Sim;Não;1;-;0
Balneário Piçarras (SC);4212809;17078;Não;3384;0.278015;Sim;Não;1;-;0
Barra Velha (SC);4202107;22386;Não;1277;0.082376;Sim;Não;1;-;0
Camboriú (SC);4203204;62361;Não;18653;0.387966;Sim;Não;1;-;0
Itajaí (SC);4208203;183373;Sim;24510;0.17389;Sim;Não;1;-;0
Navegantes (SC);4211306;60556;Não;10049;0.229875;Sim;Não;1;-;0
Penha (SC);4212502;25141;Não;4874;0.273314;Sim;Não;1;-;0
Itajubá/MG;;;;;;;;;;
Itajubá (MG);3132404;90658;Sim;2644;0.041185;Não;Não;1;-;0
Piranguçu (MG);3150901;5217;Não;810;0.229397;Não;Não;1;-;0
Piranguinho (MG);3151008;8016;Não;1080;0.190611;Não;Não;1;-;0
São José do Alegre (MG);3163201;3996;Não;576;0.207194;Não;Não;1;-;0
Wenceslau Braz (MG);3172202;2553;Não;386;0.246173;Não;Não;1;-;0
Itambé/PE - Pedras de Fogo/PB;;;;;;;;;;
Camutanga (PE);2603603;8156;Não;1489;0.288454;Não;Não;1;-;0
Itambé (PE);2607653;35398;Sim;5806;0.272378;Sim;Não;1;-;0
Juripiranga (PB);2507903;10237;Não;1255;0.226371;Não;Não;1;-;0
Pedras de Fogo (PB);2511202;27032;Sim;3800;0.214048;Sim;Não;1;-;0
Itaocara/RJ;;;;;;;;;;
Aperibé (RJ);3300159;10213;Não;638;0.090612;Sim;Não;1;-;0
Itaocara (RJ);3302106;22899;Sim;638;0.040204;Sim;Não;1;-;0
Itapema/SC;;;;;;;;;;
Bombinhas (SC);4202453;14293;Não;930;0.086008;Sim;Sim;1;-;0
Itapema (SC);4208302;45797;Sim;2358;0.070713;Sim;Não;1;-;0
Porto Belo (SC);4213500;16083;Não;2746;0.231691;Sim;Não;1;-;0
Itapetininga/SP;;;;;;;;;;
Alambari (SP);3500758;4884;Não;591;0.181623;Não;Sim;1;-;0
Itapetininga (SP);3522307;144377;Sim;591;0.005961;Não;Não;1;-;0
Itapiranga/SC;;;;;;;;;;
Barra do Guarita (RS);4301859;3089;Não;622;0.255546;Sim;Não;1;-;0
Itapiranga (SC);4208401;15409;Sim;622;0.048773;Sim;Não;1;-;0
Itaúna/MG;;;;;;;;;;
Itatiaiuçu (MG);3133709;9928;Não;1284;0.192101;Não;Não;1;-;0
Itaúna (MG);3133808;85463;Sim;1284;0.020786;Não;Não;1;-;0
Itu - Salto/SP;;;;;;;;;;
Itu (SP);3523909;154147;Sim;4295;0.03842;Sim;Não;1;-;0
Salto (SP);3545209;105516;Sim;4295;0.056808;Sim;Não;1;-;0
Itumbiara/GO;;;;;;;;;;
Araporã (MG);3103751;6144;Não;1335;0.313675;Sim;Não;1;-;0
Itumbiara (GO);5211503;92883;Sim;1335;0.020081;Sim;Não;1;-;0
Ivoti/RS;;;;;;;;;;
Ivoti (RS);4310801;19874;Sim;1324;0.08089;Sim;Não;1;-;0
Lindolfo Collor (RS);4311627;5227;Não;1057;0.258942;Sim;Sim;1;-;0
Presidente Lucena (RS);4315149;2484;Não;375;0.179942;Não;Sim;1;-;1
Jacaraú/PB;;;;;;;;;;
Jacaraú (PB);2507309;13942;Sim;188;0.021069;Sim;Não;1;-;0
Pedro Régis (PB);2512721;5765;Não;188;0.055588;Sim;Sim;1;-;0
Jaciara/MT;;;;;;;;;;
Jaciara (MT);5104807;25647;Sim;1046;0.055885;Não;Não;1;-;0
São Pedro da Cipa (MT);5107404;4158;Não;1046;0.36844;Não;Sim;1;-;0
Jales/SP;;;;;;;;;;
Dirce Reis (SP);3513850;1689;Não;260;0.224138;Não;Não;1;-;0
Jales (SP);3524808;47012;Sim;548;0.016326;Não;Não;1;-;0
Vitória Brasil (SP);3556958;1737;Não;292;0.237398;Não;Sim;1;-;0
Janaúba/MG;;;;;;;;;;
Janaúba (MG);3135100;66803;Sim;2260;0.04717;Sim;Não;1;-;0
Nova Porteirinha (MG);3145059;7398;Não;2260;0.417128;Sim;Não;1;-;0
Jandaia do Sul/PR;;;;;;;;;;
Cambira (PR);4103800;7236;Não;383;0.07202;Sim;Não;1;-;0
Jandaia do Sul (PR);4112108;20269;Sim;383;0.025271;Sim;Não;1;-;0
Jaraguá do Sul/SC;;;;;;;;;;
Corupá (SC);4204509;13852;Não;2035;0.193957;Não;Não;1;-;0
Guaramirim (SC);4206504;35172;Não;6670;0.258437;Sim;Não;1;-;0
Jaraguá do Sul (SC);4208906;143123;Sim;11625;0.100435;Sim;Não;1;-;0
Schroeder (SC);4217402;15316;Não;4718;0.375607;Sim;Não;1;-;0
Jardim/MS;;;;;;;;;;
Guia Lopes da Laguna (MS);5004106;10366;Não;894;0.132799;Sim;Não;1;-;0
Jardim (MS);5005004;24346;Sim;894;0.05195;Sim;Não;1;-;0
Joaçaba - Herval d´Oeste/SC;;;;;;;;;;
Herval d´Oeste (SC);4206702;21239;Sim;7403;0.479097;Sim;Não;1;-;0
Joaçaba (SC);4209003;27020;Sim;8037;0.373918;Sim;Não;1;-;0
Luzerna (SC);4210035;5600;Não;1562;0.364357;Sim;Sim;1;-;0
João Monlevade/MG;;;;;;;;;;
Bela Vista de Minas (MG);3106002;10004;Não;1513;0.241771;Sim;Não;1;-;0
João Monlevade (MG);3136207;73610;Sim;1513;0.03084;Sim;Não;1;-;0
João Pessoa/PB;;;;;;;;;;
Bayeux (PB);2501807;99716;Não;21880;0.333242;Sim;Não;1;-;0
Cabedelo (PB);2503209;57944;Não;16677;0.420796;Sim;Não;1;-;0
Conde (PB);2504603;21400;Não;2954;0.20937;Não;Não;1;-;0
João Pessoa (PB);2507507;723515;Sim;51052;0.099195;Sim;Não;1;-;0
Lucena (PB);2508604;11730;Não;1076;0.152798;Sim;Não;2;Via Cabedelo (PB);0
Santa Rita (PB);2513703;120310;Não;19277;0.25237;Sim;Não;1;-;0
Joinville/SC;;;;;;;;;;
Araquari (SC);4201307;24810;Não;5713;0.314022;Sim;Não;1;-;0
Joinville (SC);4209102;515288;Sim;5713;0.014706;Sim;Não;1;-;0
Juazeiro do Norte/CE;;;;;;;;;;
Barbalha (CE);2301901;55323;Não;5991;0.156718;Sim;Não;1;-;0
Crato (CE);2304202;121428;Não;9501;0.111155;Sim;Não;1;-;0
Juazeiro do Norte (CE);2307304;249939;Sim;13440;0.076994;Sim;Não;1;-;0
Jucás - Cariús/CE;;;;;;;;;;
Cariús (CE);2303303;18567;Sim;246;0.02304;Sim;Não;1;-;0
Jucás (CE);2307403;23807;Sim;246;0.018672;Sim;Não;1;-;0
Juiz de Fora/MG;;;;;;;;;;
Chácara (MG);3115904;2792;Não;318;0.173108;Não;Não;1;-;1
Ewbank da Câmara (MG);3125002;3753;Não;755;0.320867;Não;Não;1;-;0
Juiz de Fora (MG);3136702;516247;Sim;3729;0.010248;Não;Não;1;-;0
Matias Barbosa (MG);3140803;13435;Não;2678;0.29435;Não;Não;1;-;0
Simão Pereira (MG);3167509;2537;Não;280;0.186542;Não;Não;1;-;1
Jundiaí/SP;;;;;;;;;;
Cabreúva (SP);3508405;41604;Não;5645;0.185015;Não;Não;1;-;1
Campo Limpo Paulista (SP);3509601;74074;Não;18588;0.347069;Sim;Não;1;-;0
Itupeva (SP);3524006;44859;Não;9705;0.287054;Sim;Não;1;-;0
Jarinu (SP);3525201;23847;Não;2285;0.128457;Sim;Não;2;Via Campo Limpo (SP);0
Jundiaí (SP);3525904;370126;Sim;59670;0.2215;Sim;Não;1;-;0
Louveira (SP);3527306;37125;Não;5388;0.183453;Sim;Não;1;-;0
Várzea Paulista (SP);3556503;107089;Não;35727;0.480395;Sim;Não;1;-;0
Lagoa da Prata/MG;;;;;;;;;;
Japaraíba (MG);3135308;3939;Não;494;0.175551;Não;Não;1;-;0
Lagoa da Prata (MG);3137205;45984;Sim;494;0.014446;Não;Não;1;-;0
Lagoa Vermelha/RS;;;;;;;;;;
Capão Bonito do Sul (RS);4304622;1754;Não;194;0.182846;Não;Sim;1;-;0
Lagoa Vermelha (RS);4311304;27525;Sim;194;0.010069;Não;Não;1;-;0
Lajeado/RS;;;;;;;;;;
Arroio do Meio (RS);4301008;18783;Não;3031;0.194258;Sim;Não;1;-;0
Bom Retiro do Sul (RS);4302402;11472;Não;1753;0.195713;Não;Não;1;-;1
Cruzeiro do Sul (RS);4306205;12320;Não;3442;0.3442;Sim;Não;1;-;0
Estrela (RS);4307807;30619;Não;5883;0.238217;Sim;Não;1;-;0
Fazenda Vilanova (RS);4308078;3697;Não;499;0.172545;Não;Sim;1;-;2
Forquetinha (RS);4308433;2479;Não;449;0.213708;Não;Sim;1;-;0
Lajeado (RS);4311403;71445;Sim;12476;0.217834;Sim;Não;1;-;0
Santa Clara do Sul (RS);4316758;5697;Não;1329;0.283792;Não;Sim;1;-;0
Laranjal do Jari/AP - Almeirim/PA;;;;;;;;;;
Almeirim (PA);1500503;33614;Sim;5263;0.222255;Não;Não;1;-;0
Laranjal do Jari (AP);1600279;39942;Sim;4556;0.159395;Não;Não;1;-;0
Vitória do Jari (AP);1600808;12428;Não;1541;0.180762;Não;Sim;1;-;1
Lavras/MG;;;;;;;;;;
Ijaci (MG);3130408;5859;Não;1046;0.264475;Não;Não;1;-;0
Itumirim (MG);3134301;6139;Não;694;0.194889;Não;Não;1;-;0
Lavras (MG);3138203;92200;Sim;2399;0.035811;Não;Não;1;-;0
Ribeirão Vermelho (MG);3154705;3826;Não;711;0.285657;Não;Não;1;-;0
Leme/SP;;;;;;;;;;
Leme (SP);3526704;91756;Sim;718;0.01068;Não;Não;1;-;0
Santa Cruz da Conceição (SP);3546207;4002;Não;718;0.24265;Não;Não;1;-;0
Limeira/SP;;;;;;;;;;
Iracemápolis (SP);3521408;20029;Não;2722;0.201257;Não;Não;1;-;0
Limeira (SP);3526902;276022;Sim;2722;0.013459;Não;Não;1;-;0
Londrina/PR;;;;;;;;;;
Cambé (PR);4103701;96733;Não;23768;0.33241;Sim;Não;1;-;0
Ibiporã (PR);4109807;48198;Não;7940;0.238496;Sim;Não;1;-;0
Jataizinho (PR);4112702;11875;Não;2276;0.287374;Não;Não;1;-;1
Londrina (PR);4113700;506701;Sim;31344;0.083751;Sim;Não;1;-;0
Lorena/SP;;;;;;;;;;
Canas (SP);3509957;4385;Não;552;0.191933;Sim;Sim;1;-;0
Lorena (SP);3527207;82537;Sim;552;0.010024;Sim;Não;1;-;0
Macaé - Rio das Ostras/RJ;;;;;;;;;;
Carapebus (RJ);3300936;13359;Não;2627;0.285792;Não;Sim;1;-;0
Casimiro de Abreu (RJ);3301306;35347;Não;6527;0.252261;Sim;Não;1;-;0
Conceição de Macabu (RJ);3301405;21211;Não;3064;0.200484;Não;Não;1;-;0
Macaé (RJ);3302403;206728;Sim;20670;0.135386;Não;Não;1;-;0
Rio das Ostras (RJ);3304524;105676;Sim;17870;0.234878;Sim;Sim;1;-;0
Macapá/AP;;;;;;;;;;
Macapá (AP);1600303;398204;Sim;8594;0.030088;Sim;Não;1;-;0
Santana (AP);1600600;101262;Não;8594;0.123919;Sim;Sim;1;-;0
Maceió/AL;;;;;;;;;;
Barra de Santo Antônio (AL);2700508;14230;Não;1216;0.141215;Sim;Não;2;Via Paripueira (AL);0
Coqueiro Seco (AL);2702207;5526;Não;931;0.280169;Não;Não;1;-;1
Maceió (AL);2704302;932748;Sim;22990;0.035676;Sim;Não;1;-;0
Marechal Deodoro (AL);2704708;45977;Não;5648;0.193617;Sim;Não;1;-;0
Messias (AL);2705200;15682;Não;2162;0.234185;Não;Não;1;-;1
Paripueira (AL);2706448;11347;Não;1971;0.259581;Não;Sim;1;-;0
Rio Largo (AL);2707701;68481;Não;11714;0.275903;Sim;Não;1;-;0
Santa Luzia do Norte (AL);2707909;6891;Não;1068;0.254225;Sim;Não;1;-;0
Satuba (AL);2708907;14603;Não;3826;0.439467;Sim;Não;1;-;0
Mafra/SC - Rio Negro/PR;;;;;;;;;;
Mafra (SC);4210100;52912;Sim;5969;0.14918;Sim;Não;1;-;0
Rio Negro (PR);4122305;31274;Sim;5969;0.257829;Sim;Não;1;-;0
Mamanguape - Rio Tinto/PB;;;;;;;;;;
Mamanguape (PB);2508901;42303;Sim;1471;0.055476;Sim;Não;1;-;0
Rio Tinto (PB);2512903;22976;Sim;1471;0.101919;Sim;Não;1;-;0
Maragogi/AL - São José da Coroa Grande/PE;;;;;;;;;;
Maragogi (AL);2704500;28749;Sim;844;0.044789;Sim;Não;1;-;0
São José da Coroa Grande (PE);2613404;18180;Sim;844;0.076477;Sim;Não;1;-;0
Marília/SP;;;;;;;;;;
Marília (SP);3529005;216745;Sim;2753;0.017644;Não;Não;1;-;0
Oriente (SP);3534104;6097;Não;887;0.218527;Não;Não;1;-;0
Vera Cruz (SP);3556602;10769;Não;1872;0.243243;Não;Não;1;-;0
Maringá/PR;;;;;;;;;;
Floresta (PR);4107900;5931;Não;1237;0.283521;Não;Não;1;-;0
Iguaraçu (PR);4110003;3982;Não;611;0.201983;Não;Não;1;-;0
Itambé (PR);4111100;5979;Não;784;0.191687;Não;Não;1;-;1
Mandaguaçu (PR);4114104;19781;Não;4135;0.287532;Não;Não;1;-;0
Marialva (PR);4114807;31959;Não;4309;0.178641;Não;Não;1;-;1
Maringá (PR);4115200;357077;Sim;45406;0.165486;Sim;Não;1;-;0
Ourizona (PR);4117404;3380;Não;671;0.274213;Não;Não;1;-;0
Paiçandu (PR);4117503;35936;Não;10757;0.40305;Sim;Não;1;-;0
Presidente Castelo Branco (PR);4120408;4784;Não;710;0.202452;Não;Não;1;-;0
Sarandi (PR);4126256;82847;Não;25420;0.418712;Sim;Não;1;-;0
Matão/SP;;;;;;;;;;
Dobrada (SP);3514007;7939;Não;987;0.172221;Não;Não;1;-;0
Matão (SP);3529302;76786;Sim;987;0.018376;Não;Não;1;-;0
Matinhos - Pontal do Paraná/PR;;;;;;;;;;
Matinhos (PR);4115705;29428;Sim;426;0.019881;Sim;Não;1;-;0
Pontal do Paraná (PR);4119954;20920;Sim;426;0.029432;Sim;Não;1;-;0
Matozinhos/MG;;;;;;;;;;
Capim Branco (MG);3112505;8881;Não;1399;0.230782;Sim;Não;1;-;0
Matozinhos (MG);3141108;33955;Sim;1399;0.05752;Sim;Não;1;-;0
Maurilândia/GO;;;;;;;;;;
Maurilândia (GO);5213004;11521;Sim;1027;0.129639;Não;Não;1;-;0
Porteirão (GO);5218052;3347;Não;486;0.203347;Não;Não;1;-;1
Turvelândia (GO);5221551;4399;Não;1007;0.317967;Não;Não;1;-;0
Mendes - Engenheiro Paulo de Frontin/RJ;;;;;;;;;;
Engenheiro Paulo de Frontin (RJ);3301801;13237;Sim;814;0.097579;Sim;Não;1;-;0
Mendes (RJ);3302809;17935;Sim;814;0.067692;Sim;Não;1;-;0
Miracema do Tocantins/TO;;;;;;;;;;
Miracema do Tocantins (TO);1713205;20684;Sim;184;0.012862;Sim;Não;1;-;0
Tocantínia (TO);1721109;6736;Não;184;0.045989;Sim;Não;1;-;0
Mogi Guaçu - Mogi Mirim/SP;;;;;;;;;;
Estiva Gerbi (SP);3557303;10044;Não;2201;0.323344;Sim;Sim;1;-;0
Mogi Guaçu (SP);3530706;137245;Sim;8296;0.086936;Sim;Não;1;-;0
Mogi Mirim (SP);3530805;86505;Sim;6327;0.103912;Sim;Não;1;-;0
Morros - Axixá/MA;;;;;;;;;;
Axixá (MA);2101103;11407;Sim;151;0.019143;Sim;Não;1;-;0
Morros (MA);2107100;17783;Sim;151;0.011963;Sim;Não;1;-;0
Natal/RN;;;;;;;;;;
Extremoz (RN);2403608;24569;Não;10804;0.679198;Sim;Não;1;-;0
Macaíba (RN);2407104;69467;Não;12066;0.257463;Não;Não;1;-;1
Natal (RN);2408102;803739;Sim;87188;0.153441;Sim;Não;1;-;0
Parnamirim (RN);2403251;202456;Não;55379;0.378086;Sim;Não;1;-;0
São Gonçalo do Amarante (RN);2412005;87668;Não;25089;0.425779;Sim;Não;1;-;0
Nhamundá/AM;;;;;;;;;;
Faro (PA);1503002;8177;Não;333;0.057523;Não;Não;1;-;0
Nhamundá (AM);1303007;18278;Sim;333;0.028984;Não;Não;1;-;0
Nova Granada/SP;;;;;;;;;;
Nova Granada (SP);3533007;19180;Sim;1538;0.115266;Não;Não;1;-;0
Onda Verde (SP);3534005;3884;Não;1538;0.57603;Não;Não;1;-;0
Nova Londrina - Marilena/PR;;;;;;;;;;
Marilena (PR);4115002;6858;Sim;889;0.182809;Não;Não;1;-;0
Nova Londrina (PR);4117107;13067;Sim;889;0.092029;Não;Não;1;-;0
Nova Serrana/MG;;;;;;;;;;
Leandro Ferreira (MG);3138302;3205;Não;465;0.206575;Não;Não;1;-;0
Nova Serrana (MG);3145208;73699;Sim;465;0.007807;Não;Não;1;-;0
Novo Hamburgo - São Leopoldo/RS;;;;;;;;;;
Campo Bom (RS);4303905;60074;Não;11370;0.244953;Sim;Não;1;-;0
Estância Velha (RS);4307609;42574;Não;12426;0.369349;Sim;Não;1;-;0
Novo Hamburgo (RS);4313409;238940;Sim;39936;0.226102;Sim;Não;1;-;0
Portão (RS);4314803;30920;Não;5037;0.224896;Sim;Não;1;-;0
São Leopoldo (RS);4318705;214087;Sim;24793;0.163914;Sim;Não;1;-;0
Otacílio Costa/SC;;;;;;;;;;
Otacílio Costa (SC);4211751;16337;Sim;352;0.030116;Não;Não;1;-;0
Palmeira (SC);4212056;2373;Não;352;0.206694;Não;Sim;1;-;0
Ourinhos/SP;;;;;;;;;;
Canitar (SP);3510153;4369;Não;777;0.254337;Não;Não;1;-;0
Ourinhos (SP);3534708;103035;Sim;777;0.010933;Não;Não;1;-;0
Paraguaçu Paulista/SP;;;;;;;;;;
Borá (SP);3507209;805;Não;527;0.905498;Não;Não;1;-;0
Paraguaçu Paulista (SP);3535507;42278;Sim;527;0.018633;Não;Não;1;-;0
Paranacity/PR;;;;;;;;;;
Cruzeiro do Sul (PR);4106704;4563;Não;685;0.213064;Sim;Não;1;-;0
Paranacity (PR);4118105;10250;Sim;685;0.092368;Sim;Não;1;-;0
Paranavaí/PR;;;;;;;;;;
Nova Aliança do Ivaí (PR);4116505;1431;Não;188;0.175373;Não;Não;1;-;0
Paranavaí (PR);4118402;81590;Sim;188;0.003151;Não;Não;1;-;0
Paraopeba/MG;;;;;;;;;;
Caetanópolis (MG);3109907;10218;Não;1451;0.20702;Sim;Não;1;-;0
Paraopeba (MG);3147402;22563;Sim;1451;0.088089;Sim;Não;1;-;0
Passos/SP;;;;;;;;;;
Fortaleza de Minas (MG);3126307;4098;Não;450;0.171429;Não;Não;1;-;0
Passos (MG);3147907;106290;Sim;450;0.00617;Não;Não;1;-;0
Pato Branco/PR;;;;;;;;;;
Pato Branco (PR);4118501;72370;Sim;959;0.017033;Não;Não;1;-;0
Vitorino (PR);4128708;6513;Não;959;0.199708;Não;Não;1;-;0
Patos/PB;;;;;;;;;;
Patos (PB);2510808;100674;Sim;219;0.003231;Não;Não;1;-;0
Quixabá (PB);2512606;1699;Não;219;0.195886;Não;Não;1;-;0
Paty do Alferes - Miguel Pereira/RJ;;;;;;;;;;
Miguel Pereira (RJ);3302908;24642;Sim;2568;0.154895;Sim;Não;1;-;0
Paty do Alferes (RJ);3303856;26359;Sim;2568;0.136277;Sim;Não;1;-;0
Paulo de Faria - Orindiúva/SP;;;;;;;;;;
Orindiúva (SP);3534203;5675;Sim;919;0.217824;Não;Não;1;-;0
Paulo de Faria (SP);3536604;8589;Sim;919;0.154922;Não;Não;1;-;0
Pedreiras/MA;;;;;;;;;;
Pedreiras (MA);2108207;39448;Sim;2057;0.076708;Sim;Não;1;-;0
Trizidela do Vale (MA);2112233;18953;Não;2057;0.168289;Sim;Sim;1;-;0
Pedro Afonso/TO;;;;;;;;;;
Bom Jesus do Tocantins (TO);1703305;3768;Não;819;0.30894;Sim;Sim;1;-;0
Pedro Afonso (TO);1716505;11539;Sim;982;0.117958;Sim;Não;1;-;0
Tupirama (TO);1721257;1574;Não;175;0.169409;Sim;Não;1;-;0
Pedro Osório - Cerrito/RS;;;;;;;;;;
Cerrito (RS);4305124;6402;Sim;376;0.089205;Sim;Sim;1;-;0
Pedro Osório (RS);4314209;7811;Sim;376;0.082692;Sim;Não;1;-;0
Pelotas/RS;;;;;;;;;;
Arroio do Padre (RS);4301073;2730;Não;471;0.237759;Não;Sim;1;-;0
Capão do Leão (RS);4304663;24298;Não;5428;0.358;Sim;Não;1;-;0
Pelotas (RS);4314407;328275;Sim;5879;0.026267;Sim;Não;1;-;0
Penedo/AL;;;;;;;;;;
Neópolis (SE);2804409;18506;Não;375;0.033602;Sim;Não;1;-;0
Penedo (AL);2706703;60378;Sim;375;0.009753;Sim;Não;1;-;0
Petrolina/PE - Juazeiro/BA;;;;;;;;;;
Juazeiro (BA);2918407;197965;Sim;13286;0.096841;Sim;Não;1;-;0
Petrolina (PE);2611101;293962;Sim;13286;0.064051;Sim;Não;1;-;0
Petrópolis/RJ;;;;;;;;;;
Areal (RJ);3300225;11423;Não;1464;0.185952;Não;Não;1;-;0
Petrópolis (RJ);3303906;295917;Sim;1464;0.006993;Não;Não;1;-;0
Picos/PI;;;;;;;;;;
Geminiano (PI);2204352;5475;Não;691;0.200174;Não;Sim;1;-;0
Picos (PI);2208007;73414;Sim;691;0.012985;Não;Não;1;-;0
Piracicaba/SP;;;;;;;;;;
Charqueada (SP);3511706;15085;Não;2296;0.221451;Não;Não;1;-;0
Piracicaba (SP);3538709;364571;Sim;8169;0.031095;Não;Não;1;-;0
Rio das Pedras (SP);3544004;29501;Não;4650;0.215198;Não;Não;1;-;0
Saltinho (SP);3545159;7059;Não;1681;0.320924;Não;Sim;1;-;0
Pirajuí/SP;;;;;;;;;;
Balbinos (SP);3504701;3702;Não;256;0.185373;Não;Não;1;-;0
Pirajuí (SP);3538907;22704;Sim;256;0.018008;Não;Não;1;-;0
Pirapora - Buritizeiro/MG;;;;;;;;;;
Buritizeiro (MG);3109402;26922;Sim;2459;0.132496;Sim;Não;1;-;0
Pirapora (MG);3151206;53368;Sim;2459;0.064938;Sim;Não;1;-;0
Pirapozinho/SP;;;;;;;;;;
Narandiba (SP);3532207;4288;Não;779;0.259753;Não;Não;1;-;0
Pirapozinho (SP);3539202;24694;Sim;779;0.044542;Não;Não;1;-;0
Piratuba - Ipira/SC;;;;;;;;;;
Ipira (SC);4207601;4752;Não;681;0.179258;Sim;Não;1;-;0
Piratuba (SC);4213104;4786;Sim;681;0.182819;Sim;Não;1;-;0
Pires do Rio/GO;;;;;;;;;;
Palmelo (GO);5215801;2335;Não;288;0.176687;Não;Não;1;-;0
Pires do Rio (GO);5217401;28762;Sim;685;0.033514;Não;Não;1;-;0
Urutaí (GO);5221809;3074;Não;413;0.187813;Não;Não;1;-;0
Pitangui/MG;;;;;;;;;;
Conceição do Pará (MG);3117603;5158;Não;805;0.231255;Não;Não;1;-;0
Pitangui (MG);3151404;25311;Sim;805;0.044802;Não;Não;1;-;0
Planura/MG - Colômbia/SP;;;;;;;;;;
Colômbia (SP);3512100;5994;Sim;1209;0.278828;Sim;Não;1;-;0
Planura (MG);3151602;10384;Sim;1209;0.167777;Sim;Não;1;-;0
Pompéia/SP;;;;;;;;;;
Pompéia (SP);3540002;19964;Sim;676;0.049;Não;Não;1;-;0
Quintana (SP);3542008;6004;Não;676;0.172537;Não;Não;1;-;0
Ponta Grossa/PR;;;;;;;;;;
Carambeí (PR);4104659;19163;Não;2742;0.203111;Não;Sim;1;-;0
Ponta Grossa (PR);4119905;311611;Sim;2742;0.012589;Não;Não;1;-;0
Ponte Nova/MG;;;;;;;;;;
Oratórios (MG);3145851;4493;Não;551;0.184651;Não;Sim;1;-;0
Ponte Nova (MG);3152105;57390;Sim;551;0.013845;Não;Não;1;-;0
Ponto Belo - Mucurici/ES;;;;;;;;;;
Mucurici (ES);3203601;5655;Sim;246;0.063913;Sim;Não;1;-;0
Ponto Belo (ES);3204252;6979;Sim;246;0.059665;Sim;Sim;1;-;0
Porto Alegre/RS;;;;;;;;;;
Alvorada (RS);4300604;195673;Não;65188;0.477117;Sim;Não;1;-;0
Cachoeirinha (RS);4303103;118278;Não;50275;0.593005;Sim;Não;1;-;0
Canoas (RS);4304606;323827;Não;87891;0.384674;Sim;Não;1;-;0
Eldorado do Sul (RS);4306767;34343;Não;13737;0.542236;Sim;Sim;1;-;0
Esteio (RS);4307708;80755;Não;31362;0.553317;Sim;Não;1;-;0
Glorinha (RS);4309050;6891;Não;1369;0.282326;Não;Sim;1;-;0
Gravataí (RS);4309209;255660;Não;58760;0.335463;Sim;Não;1;-;0
Guaíba (RS);4309308;95204;Não;21065;0.318193;Não;Não;1;-;0
Nova Santa Rita (RS);4313375;22716;Não;6260;0.3818;Não;Sim;2;Via Canoas (RS);0
Porto Alegre (RS);4314902;1409351;Sim;268777;0.262938;Sim;Não;1;-;0
Sapucaia do Sul (RS);4320008;130957;Não;33464;0.371818;Sim;Não;1;-;0
Viamão (RS);4323002;239384;Não;74160;0.438236;Sim;Não;1;-;0
Porto Velho/RO;;;;;;;;;;
Candeias do Jamari (RO);1100809;19779;Não;3402;0.246094;Não;Sim;1;-;0
Porto Velho (RO);1100205;428527;Sim;3402;0.01081;Não;Não;1;-;0
Pouso Alto/MG;;;;;;;;;;
Pouso Alto (MG);3152600;6213;Sim;163;0.040177;Sim;Não;1;-;0
São Sebastião do Rio Verde (MG);3164902;2110;Sim;163;0.12865;Sim;Não;1;-;0
Praia Grande/SC;;;;;;;;;;
Mampituba (RS);4311734;3003;Não;205;0.09447;Sim;Não;1;-;0
Praia Grande (SC);4213807;7267;Sim;205;0.038462;Sim;Não;1;-;0
Presidente Juscelino - Cachoeira Grande/MA;;;;;;;;;;
Cachoeira Grande (MA);2102374;8446;Sim;120;0.022002;Não;Não;1;-;0
Presidente Juscelino (MA);2109205;11541;Sim;120;0.01679;Não;Não;1;-;0
Presidente Prudente/SP;;;;;;;;;;
Alfredo Marcondes (SP);3500808;3891;Não;842;0.339653;Não;Não;1;-;0
Álvares Machado (SP);3501301;23513;Não;6273;0.377437;Sim;Não;1;-;0
Anhumas (SP);3502408;3738;Não;774;0.290868;Não;Não;1;-;0
Caiabu (SP);3508900;4072;Não;735;0.285215;Não;Não;1;-;0
Emilianópolis (SP);3515129;3020;Não;405;0.188635;Não;Sim;1;-;2
Indiana (SP);3520608;4825;Não;895;0.273282;Não;Não;1;-;0
Presidente Bernardes (SP);3541208;13570;Não;1749;0.194269;Não;Não;1;-;1
Presidente Prudente (SP);3541406;207610;Sim;14407;0.096291;Sim;Não;1;-;0
Regente Feijó (SP);3542404;18494;Não;3724;0.280675;Não;Não;1;-;0
Santo Expedito (SP);3548302;2803;Não;402;0.227376;Não;Não;1;-;0
Taciba (SP);3552908;5714;Não;777;0.202028;Não;Não;1;-;1
Tarabai (SP);3553906;6607;Não;801;0.178715;Não;Não;1;-;2
Presidente Venceslau/SP;;;;;;;;;;
Caiuá (SP);3509106;5039;Não;666;0.221704;Não;Não;1;-;0
Presidente Venceslau (SP);3541505;37910;Sim;666;0.027741;Não;Não;1;-;0
Propriá/SE;;;;;;;;;;
Propriá (SE);2805703;28451;Sim;465;0.024418;Não;Não;1;-;0
Telha (SE);2807303;2957;Não;465;0.247078;Não;Não;1;-;0
Recife/PE;;;;;;;;;;
Abreu e Lima (PE);2600054;94429;Não;27867;0.464992;Sim;Não;1;-;0
Araçoiaba (PE);2601052;18156;Não;2356;0.219224;Não;Sim;1;-;1
Cabo de Santo Agostinho (PE);2602902;185025;Não;34129;0.292215;Sim;Não;1;-;0
Camaragibe (PE);2603454;144466;Não;39109;0.421688;Sim;Não;1;-;0
Igarassu (PE);2606804;102021;Não;21565;0.330058;Sim;Não;2;Via Abreu e Lima (PE);0
Ilha de Itamaracá (PE);2607604;21884;Não;3139;0.246331;Não;Não;1;-;1
Ipojuca (PE);2607208;80637;Não;16124;0.306423;Não;Não;1;-;1
Itapissuma (PE);2607752;23769;Não;5268;0.351692;Sim;Não;3;Via Igarassu (PE);0
Jaboatão dos Guararapes (PE);2607901;644620;Não;148004;0.341458;Sim;Não;1;-;0
Moreno (PE);2609402;56696;Não;8255;0.242089;Não;Não;1;-;1
Olinda (PE);2609600;377779;Não;113601;0.455125;Sim;Não;1;-;0
Paudalho (PE);2610608;51357;Não;5485;0.17597;Não;Não;1;-;1
Paulista (PE);2610707;300466;Não;86539;0.437209;Sim;Não;1;-;0
Recife (PE);2611606;1537704;Sim;338674;0.321106;Sim;Não;1;-;0
São Lourenço da Mata (PE);2613701;102895;Não;20735;0.325173;Sim;Não;1;-;0
Redenção - Acarape/CE;;;;;;;;;;
Acarape (CE);2300150;15338;Sim;745;0.079901;Sim;Sim;1;-;0
Redenção (CE);2311603;26415;Sim;745;0.042224;Sim;Não;1;-;0
Resende/RJ;;;;;;;;;;
Itatiaia (RJ);3302254;28783;Não;5591;0.275854;Sim;Sim;1;-;0
Porto Real (RJ);3304110;16592;Não;6725;0.567942;Sim;Sim;1;-;0
Quatis (RJ);3304128;12793;Não;2055;0.235963;Sim;Não;2;Via Porto Real (RJ);0
Resende (RJ);3304201;119769;Sim;10317;0.118961;Sim;Não;1;-;0
Ribeirão Preto/SP;;;;;;;;;;
Brodowski (SP);3507803;21107;Não;3025;0.190707;Não;Não;1;-;0
Cravinhos (SP);3513108;31691;Não;5738;0.241855;Não;Não;1;-;0
Jardinópolis (SP);3525102;37661;Não;5385;0.210879;Sim;Não;1;-;0
Ribeirão Preto (SP);3543402;604682;Sim;21899;0.047964;Sim;Não;1;-;0
Santa Cruz da Esperança (SP);3546256;1953;Não;289;0.195667;Não;Não;1;-;1
Serra Azul (SP);3551405;11256;Não;2069;0.279142;Não;Não;1;-;0
Serrana (SP);3551504;38878;Não;7723;0.266044;Não;Não;1;-;0
Rio Claro/SP;;;;;;;;;;
Ipeúna (SP);3521101;6016;Não;1001;0.219855;Não;Não;1;-;0
Rio Claro (SP);3543907;186253;Sim;3951;0.029078;Sim;Não;1;-;0
Santa Gertrudes (SP);3546702;21634;Não;3064;0.197894;Sim;Não;1;-;0
Rio de Janeiro/RJ;;;;;;;;;;
Belford Roxo (RJ);3300456;469332;Não;131294;0.409422;Sim;Sim;1;-;0
Duque de Caxias (RJ);3301702;855048;Não;189399;0.326486;Sim;Não;1;-;0
Guapimirim (RJ);3301850;51483;Não;8736;0.247528;Não;Sim;1;-;1
Itaboraí (RJ);3301900;218008;Não;49269;0.325197;Sim;Não;1;-;0
Itaguaí (RJ);3302007;109091;Não;21090;0.286818;Sim;Não;1;-;0
Japeri (RJ);3302270;95492;Não;23522;0.386214;Sim;Sim;1;-;0
Magé (RJ);3302502;227322;Não;40673;0.268499;Sim;Não;1;-;0
Mangaratiba (RJ);3302601;36456;Não;6702;0.264681;Sim;Não;1;-;0
Maricá (RJ);3302700;127461;Não;23124;0.270349;Sim;Não;1;-;0
Mesquita (RJ);3302858;168376;Não;60154;0.528873;Sim;Sim;1;-;0
Nilópolis (RJ);3303203;157425;Não;60172;0.579602;Sim;Não;1;-;0
Niterói (RJ);3303302;487562;Não;236479;0.690793;Sim;Não;1;-;0
Nova Iguaçu (RJ);3303500;796257;Não;190455;0.357685;Sim;Não;1;-;0
Paracambi (RJ);3303609;47124;Não;6743;0.239888;Não;Não;1;-;1
Queimados (RJ);3304144;137962;Não;38145;0.416285;Sim;Sim;1;-;0
Rio de Janeiro (RJ);3304557;6320446;Sim;713562;0.162237;Sim;Não;1;-;0
São Gonçalo (RJ);3304904;999728;Não;219971;0.321088;Sim;Não;1;-;0
São João de Meriti (RJ);3305109;458673;Não;136558;0.438155;Sim;Não;1;-;0
Saquarema (RJ);3305505;74234;Não;3300;0.06788;Sim;Não;1;-;0
Seropédica (RJ);3305554;78186;Não;20613;0.378026;Não;Sim;1;-;0
Tanguá (RJ);3305752;30732;Não;5059;0.252395;Sim;Sim;1;-;0
Rio do Sul/SC;;;;;;;;;;
Agronômica (SC);4200309;4904;Não;450;0.114855;Sim;Não;1;-;0
Lontras (SC);4209904;10244;Não;1478;0.17612;Não;Não;1;-;0
Rio do Sul (SC);4214805;61198;Sim;1924;0.039673;Sim;Não;1;-;0
Riolândia/SP;;;;;;;;;;
Pontes Gestal (SP);3540309;2518;Não;605;0.348302;Não;Não;1;-;0
Riolândia (SP);3544202;10575;Sim;605;0.091764;Não;Não;1;-;0
Salvador do Sul/RS;;;;;;;;;;
Salvador do Sul (RS);4316501;6747;Sim;591;0.103033;Sim;Não;1;-;0
São Pedro da Serra (RS);4319356;3315;Não;591;0.21704;Sim;Sim;1;-;0
Salvador/BA;;;;;;;;;;
Camaçari (BA);2905701;242970;Não;45590;0.270803;Não;Não;1;-;0
Candeias (BA);2906501;83158;Não;16422;0.300434;Não;Não;1;-;1
Dias d´Ávila (BA);2910057;66440;Não;11604;0.264533;Sim;Não;2;Via Camaçari (BA);0
Lauro de Freitas (BA);2919207;163449;Não;49269;0.410428;Sim;Não;1;-;0
Madre de Deus (BA);2919926;17376;Não;6004;0.553619;Não;Sim;1;-;0
Mata de São João (BA);2921005;40183;Não;6031;0.226491;Não;Não;1;-;1
Salvador (BA);2927408;2675656;Sim;97908;0.051128;Sim;Não;1;-;0
São Francisco do Conde (BA);2929206;33183;Não;7424;0.327872;Não;Não;1;-;1
São Sebastião do Passé (BA);2929503;42153;Não;4830;0.177267;Não;Não;1;-;2
Simões Filho (BA);2930709;118047;Não;23918;0.299027;Sim;Não;1;-;0
Santa Adélia - Palmares Paulista - Ariranha/SP;;;;;;;;;;
Ariranha (SP);3503703;8547;Sim;2787;0.465976;Não;Não;1;-;0
Palmares Paulista (SP);3535101;10934;Sim;1458;0.180961;Não;Não;1;-;0
Santa Adélia (SP);3545605;14333;Sim;1459;0.145362;Não;Não;1;-;0
Santa Cruz do Sul/RS;;;;;;;;;;
Santa Cruz do Sul (RS);4316808;118374;Sim;3760;0.041872;Não;Não;1;-;0
Vera Cruz (RS);4322707;23983;Não;3760;0.205442;Não;Não;1;-;0
Santa Fé do Sul/SP;;;;;;;;;;
Rubinéia (SP);3544509;2862;Não;452;0.236031;Não;Não;1;-;0
Santa Clara d´Oeste (SP);3546108;2084;Não;347;0.24198;Não;Não;1;-;0
Santa Fé do Sul (SP);3546603;29239;Sim;2110;0.100157;Sim;Não;1;-;0
Santa Rita d´Oeste (SP);3547403;2543;Não;397;0.226469;Não;Não;1;-;0
Santana da Ponte Pensa (SP);3547205;1641;Não;195;0.170455;Não;Não;1;-;1
Três Fronteiras (SP);3554904;5427;Não;937;0.256361;Sim;Não;1;-;0
Santa Helena - Turilândia/MA;;;;;;;;;;
Santa Helena (MA);2109809;39110;Sim;653;0.024296;Sim;Não;1;-;0
Turilândia (MA);2112456;22846;Sim;653;0.038198;Sim;Não;1;-;0
Santa Maria da Vitória/BA;;;;;;;;;;
Santa Maria da Vitória (BA);2928109;40309;Sim;1229;0.0457;Sim;Não;1;-;0
São Félix do Coribe (BA);2929057;13048;Não;1229;0.138729;Sim;Sim;1;-;0
Santa Maria/RS;;;;;;;;;;
Itaara (RS);4310538;5010;Não;871;0.255126;Não;Sim;1;-;0
Santa Maria (RS);4316907;261031;Sim;871;0.004762;Não;Não;1;-;0
Santo Ângelo/RS;;;;;;;;;;
Entre-Ijuís (RS);4306932;8938;Não;1041;0.163525;Sim;Sim;1;-;0
Santo Ângelo (RS);4317509;76275;Sim;1041;0.018734;Sim;Não;1;-;0
Santo Antônio de Pádua/RJ;;;;;;;;;;
Pirapetinga (MG);3151107;10364;Não;1467;0.21264;Não;Não;1;-;0
Santo Antônio de Pádua (RJ);3304706;40589;Sim;1467;0.052532;Não;Não;1;-;0
Santo Antônio do Aracanguá/SP;;;;;;;;;;
Nova Luzitânia (SP);3533304;3441;Não;449;0.185002;Não;Não;1;-;0
Santo Antônio do Aracanguá (SP);3548054;7626;Sim;449;0.077307;Não;Não;1;-;0
Santo Antônio/RN;;;;;;;;;;
Santo Antônio (RN);2411502;22216;Sim;269;0.01907;Sim;Não;1;-;0
Serrinha (RN);2413508;6581;Não;269;0.060192;Sim;Não;1;-;0
São Bento do Sul - Rio Negrinho/SC;;;;;;;;;;
Rio Negrinho (SC);4215000;39846;Sim;1385;0.04674;Sim;Não;1;-;0
São Bento do Sul (SC);4215802;74801;Sim;1385;0.023638;Sim;Não;1;-;0
São Carlos - Águas de Chapecó/SC;;;;;;;;;;
Águas de Chapecó (SC);4200507;6110;Sim;659;0.144708;Sim;Não;1;-;0
São Carlos (SC);4216008;10291;Sim;659;0.079083;Sim;Não;1;-;0
São Carlos/SP;;;;;;;;;;
Ibaté (SP);3519303;30734;Não;3741;0.181171;Não;Não;1;-;0
São Carlos (SP);3548906;221950;Sim;3741;0.023232;Não;Não;1;-;0
São Gabriel/RS;;;;;;;;;;
Santa Margarida do Sul (RS);4316972;2352;Não;387;0.262373;Não;Sim;1;-;0
São Gabriel (RS);4318309;60425;Sim;387;0.009832;Não;Não;1;-;0
São Geraldo do Araguaia/PA;;;;;;;;;;
São Geraldo do Araguaia (PA);1507458;25587;Sim;258;0.015008;Sim;Não;1;-;0
Xambioá (TO);1722107;11484;Não;258;0.034978;Sim;Não;1;-;0
São João da Boa Vista/SP;;;;;;;;;;
Águas da Prata (SP);3500402;7584;Não;1015;0.201629;Sim;Não;1;-;0
São João da Boa Vista (SP);3549102;83639;Sim;1015;0.01718;Sim;Não;1;-;0
São João del Rei/MG;;;;;;;;;;
Coronel Xavier Chaves (MG);3119708;3301;Não;346;0.173;Não;Não;1;-;1
Santa Cruz de Minas (MG);3157336;7865;Não;3030;0.572454;Sim;Sim;1;-;0
São João del Rei (MG);3162500;84469;Sim;4310;0.076142;Sim;Não;1;-;0
Tiradentes (MG);3168804;6961;Não;1256;0.244548;Não;Não;1;-;0
São José de Mipibu - Nísia Floresta/RN;;;;;;;;;;
Nísia Floresta (RN);2408201;23784;Sim;1664;0.107933;Sim;Não;1;-;0
São José de Mipibu (RN);2412203;39776;Sim;1664;0.065818;Sim;Não;1;-;0
São José do Rio Preto/SP;;;;;;;;;;
Bady Bassitt (SP);3504602;14603;Não;4108;0.361397;Sim;Não;1;-;0
Bálsamo (SP);3504800;8160;Não;1606;0.275;Não;Não;1;-;0
Cedral (SP);3511300;7972;Não;1723;0.309003;Sim;Não;1;-;0
Guapiaçu (SP);3517505;17869;Não;3540;0.279997;Sim;Não;1;-;0
Ipiguá (SP);3521150;4463;Não;1254;0.432414;Não;Sim;1;-;0
Jaci (SP);3524501;5657;Não;1206;0.298367;Não;Não;1;-;1
Mirassol (SP);3530300;53792;Não;7817;0.206466;Sim;Não;1;-;0
Mirassolândia (SP);3530409;4295;Não;759;0.258427;Não;Não;1;-;0
Neves Paulista (SP);3532504;8772;Não;1540;0.256709;Não;Não;1;-;1
Nova Aliança (SP);3532801;5891;Não;1156;0.280651;Não;Não;1;-;0
São José do Rio Preto (SP);3549805;408258;Sim;20046;0.065856;Sim;Não;1;-;0
Uchoa (SP);3555604;9471;Não;1355;0.212183;Não;Não;1;-;0
São José dos Campos/SP;;;;;;;;;;
Caçapava (SP);3508504;84752;Não;6979;0.122805;Sim;Não;1;-;0
Jacareí (SP);3524402;211214;Não;26174;0.178767;Sim;Não;1;-;0
Jambeiro (SP);3524907;5349;Não;1066;0.27531;Não;Não;1;-;0
Monteiro Lobato (SP);3531704;4120;Não;679;0.240014;Não;Não;1;-;0
Santa Branca (SP);3546009;13763;Não;1983;0.213616;Não;Não;1;-;1
São José dos Campos (SP);3549904;629921;Sim;32625;0.071249;Sim;Não;1;-;0
São Lourenço/MG;;;;;;;;;;
São Lourenço (MG);3163706;41657;Sim;1026;0.034899;Não;Não;1;-;0
Soledade de Minas (MG);3167806;5676;Não;1026;0.268938;Não;Não;1;-;0
São Luís/MA;;;;;;;;;;
Paço do Lumiar (MA);2107506;105121;Não;27414;0.376457;Sim;Não;1;-;0
Raposa (MA);2109452;26327;Não;3085;0.170593;Sim;Sim;1;-;0
São José de Ribamar (MA);2111201;163045;Não;39227;0.352263;Sim;Não;1;-;0
São Luís (MA);2111300;1014837;Sim;59394;0.081806;Sim;Não;1;-;0
São Paulo/SP;;;;;;;;;;
Arujá (SP);3503901;74905;Não;26607;0.491948;Sim;Não;1;-;0
Barueri (SP);3505708;240749;Não;143227;0.802338;Sim;Não;1;-;0
Biritiba-Mirim (SP);3506607;28575;Não;4775;0.23942;Não;Não;1;-;1
Caieiras (SP);3509007;86529;Não;28741;0.454705;Sim;Não;1;-;0
Cajamar (SP);3509205;64114;Não;14120;0.310412;Não;Não;1;-;1
Carapicuíba (SP);3510609;369584;Não;116482;0.447882;Sim;Não;1;-;0
Cotia (SP);3513009;201150;Não;65792;0.430072;Sim;Não;1;-;0
Diadema (SP);3513801;386089;Não;134708;0.480846;Sim;Não;1;-;0
Embu (SP);3515004;240230;Não;76341;0.436549;Sim;Não;1;-;0
Embu-Guaçu (SP);3515103;62769;Não;11033;0.248603;Sim;Não;1;-;0
Ferraz de Vasconcelos (SP);3515707;168306;Não;58308;0.482155;Sim;Não;1;-;0
Francisco Morato (SP);3516309;154472;Não;40815;0.379205;Sim;Não;1;-;0
Franco da Rocha (SP);3516408;131604;Não;35410;0.405803;Sim;Não;1;-;0
Guarulhos (SP);3518800;1221979;Não;182900;0.204829;Sim;Não;1;-;0
Itapecerica da Serra (SP);3522208;152614;Não;44052;0.402221;Sim;Não;1;-;0
Itapevi (SP);3522505;200769;Não;59964;0.429985;Sim;Não;1;-;0
Itaquaquecetuba (SP);3523107;321770;Não;82528;0.375088;Sim;Não;1;-;0
Jandira (SP);3525003;108344;Não;48781;0.597382;Sim;Não;1;-;0
Mairiporã (SP);3528502;80956;Não;11899;0.206283;Sim;Não;1;-;0
Mauá (SP);3529401;417064;Não;118864;0.410234;Sim;Não;1;-;0
Mogi das Cruzes (SP);3530607;387779;Não;61387;0.226116;Sim;Não;1;-;0
Osasco (SP);3534401;666740;Não;202932;0.419234;Sim;Não;1;-;0
Pirapora do Bom Jesus (SP);3539103;15733;Não;3419;0.305623;Não;Não;1;-;1
Poá (SP);3539806;106013;Não;43082;0.57801;Sim;Não;1;-;0
Ribeirão Pires (SP);3543303;113068;Não;41394;0.540462;Sim;Não;1;-;0
Rio Grande da Serra (SP);3544103;43974;Não;16952;0.553625;Sim;Não;1;-;0
Salesópolis (SP);3545001;15635;Não;1982;0.183247;Não;Não;1;-;2
Santa Isabel (SP);3546801;50453;Não;7520;0.219864;Não;Não;1;-;1
Santana de Parnaíba (SP);3547304;108813;Não;43295;0.518795;Sim;Não;1;-;0
Santo André (SP);3547809;676407;Não;245614;0.512748;Sim;Não;1;-;0
São Bernardo do Campo (SP);3548708;765463;Não;253897;0.454922;Sim;Não;1;-;0
São Caetano do Sul (SP);3548807;149263;Não;107654;1.012014;Sim;Não;1;-;0
São Lourenço da Serra (SP);3549953;13973;Não;2448;0.230552;Não;Sim;1;-;1
São Paulo (SP);3550308;11253503;Sim;1100697;0.133046;Sim;Não;1;-;0
Suzano (SP);3552502;262480;Não;64151;0.356638;Sim;Não;1;-;0
Taboão da Serra (SP);3552809;244528;Não;90936;0.497767;Sim;Não;1;-;0
Vargem Grande Paulista (SP);3556453;42997;Não;11049;0.35604;Sim;Não;1;-;0
São Pedro/SP;;;;;;;;;;
Águas de São Pedro (SP);3500600;2707;Não;1602;0.865946;Sim;Não;1;-;0
São Pedro (SP);3550407;31662;Sim;1602;0.072188;Sim;Não;1;-;0
São Roque - Mairinque/SP;;;;;;;;;;
Mairinque (SP);3528403;43223;Sim;3746;0.128025;Sim;Não;1;-;0
São Roque (SP);3550605;78821;Sim;3746;0.065995;Sim;Não;1;-;0
São Sebastião da Amoreira/PR;;;;;;;;;;
Nova América da Colina (PR);4116604;3478;Não;618;0.252245;Não;Não;1;-;0
São Sebastião da Amoreira (PR);4126009;8626;Sim;618;0.103293;Não;Não;1;-;0
Sapiranga/RS;;;;;;;;;;
Araricá (RS);4300877;4864;Não;1038;0.280465;Sim;Sim;1;-;0
Nova Hartz (RS);4313060;18346;Não;884;0.062118;Sim;Sim;2;Via Araricá (RS);0
Sapiranga (RS);4319901;74985;Sim;1166;0.019774;Sim;Não;1;-;0
Serranos - Seritinga/MG;;;;;;;;;;
Seritinga (MG);3166402;1789;Não;65;0.053454;Sim;Não;1;-;0
Serranos (MG);3167004;1995;Sim;65;0.052632;Sim;Não;1;-;0
Sete Lagoas/MG;;;;;;;;;;
Inhaúma (MG);3131000;5760;Não;739;0.180112;Não;Não;1;-;0
Prudente de Morais (MG);3153608;9573;Não;1743;0.267167;Sim;Não;1;-;0
Sete Lagoas (MG);3167202;214152;Sim;2470;0.015683;Sim;Não;1;-;0
Sobral/CE;;;;;;;;;;
Forquilha (CE);2304350;21786;Não;2592;0.17194;Não;Não;1;-;0
Sobral (CE);2312908;188233;Sim;2592;0.019297;Não;Não;1;-;0
Solânea - Bananeiras/PB;;;;;;;;;;
Bananeiras (PB);2501500;21851;Sim;1089;0.079751;Sim;Não;1;-;0
Solânea (PB);2516003;26693;Sim;1089;0.066277;Sim;Não;1;-;0
Sombrio/SC;;;;;;;;;;
Balneário Gaivota (SC);4202073;8234;Não;1242;0.221351;Sim;Sim;1;-;0
Sombrio (SC);4217709;26613;Sim;1242;0.059835;Sim;Não;1;-;0
Sorocaba/SP;;;;;;;;;;
Alumínio (SP);3501152;16839;Não;2832;0.243592;Sim;Não;1;-;0
Araçoiaba da Serra (SP);3502903;27299;Não;4639;0.242727;Sim;Não;1;-;0
Salto de Pirapora (SP);3545308;40132;Não;6516;0.243289;Não;Não;1;-;0
Sorocaba (SP);3552205;586625;Sim;38271;0.092436;Sim;Não;1;-;0
Votorantim (SP);3557006;108809;Não;27900;0.369879;Sim;Não;1;-;0
Soure - Salvaterra/PA;;;;;;;;;;
Salvaterra (PA);1506302;20183;Sim;348;0.025611;Não;Não;1;-;0
Soure (PA);1507904;23001;Sim;348;0.022995;Não;Não;1;-;0
Taquara - Parobé - Igrejinha/RS;;;;;;;;;;
Igrejinha (RS);4310108;31660;Sim;5855;0.22714;Sim;Não;1;-;0
Parobé (RS);4314050;51502;Sim;5982;0.153625;Sim;Não;1;-;0
Taquara (RS);4321204;54643;Sim;7510;0.186315;Sim;Não;1;-;0
Três Coroas (RS);4321709;23848;Não;2845;0.149485;Sim;Não;1;-;0
Taquaruçu do Sul - Vista Alegre/RS;;;;;;;;;;
Taquaruçu do Sul (RS);4321329;2966;Sim;34;0.013799;Sim;Não;1;-;0
Vista Alegre (RS);4323507;2832;Sim;34;0.015131;Sim;Não;1;-;0
Taubaté - Pindamonhangaba/SP;;;;;;;;;;
Pindamonhangaba (SP);3538006;146995;Não;10625;0.104452;Sim;Não;1;-;0
Redenção da Serra (SP);3542305;3873;Não;491;0.225126;Não;Não;1;-;0
Taubaté (SP);3554102;278686;Sim;19600;0.099322;Sim;Não;1;-;0
Tremembé (SP);3554805;40984;Não;10924;0.408878;Sim;Não;1;-;0
Teresina/PI;;;;;;;;;;
Teresina (PI);2211001;814230;Sim;24460;0.040777;Sim;Não;1;-;0
Timon (MA);2112209;155460;Não;24460;0.222447;Sim;Não;1;-;0
Teutônia/RS;;;;;;;;;;
Paverama (RS);4314159;8044;Não;1207;0.186179;Não;Não;1;-;0
Teutônia (RS);4321451;27272;Sim;1702;0.074935;Não;Não;1;-;0
Westfalia (RS);4323770;2793;Não;507;0.210199;Não;Sim;1;-;0
Tocantinópolis/TO - Porto Franco/MA;;;;;;;;;;
Porto Franco (MA);2109007;21530;Sim;186;0.01237;Sim;Não;1;-;0
Tocantinópolis (TO);1721208;22619;Sim;186;0.012147;Sim;Não;1;-;0
Toledo/PR;;;;;;;;;;
Ouro Verde do Oeste (PR);4117453;5692;Não;925;0.227329;Não;Sim;1;-;0
Toledo (PR);4127700;119313;Sim;925;0.009777;Não;Não;1;-;0
Torixoréu/MT - Baliza/GO;;;;;;;;;;
Baliza (GO);5203104;3714;Não;120;0.049587;Sim;Não;1;-;0
Torixoréu (MT);5108204;4071;Sim;120;0.047962;Sim;Não;1;-;0
Torres/RS;;;;;;;;;;
Passo de Torres (SC);4212254;6627;Não;1517;0.323868;Sim;Não;1;-;0
Torres (RS);4321501;34656;Sim;1517;0.06115;Sim;Não;1;-;0
Tramandaí - Osório/RS;;;;;;;;;;
Imbé (RS);4310330;17670;Não;2613;0.225142;Sim;Sim;1;-;0
Osório (RS);4313508;40906;Sim;2090;0.071634;Sim;Não;1;-;0
Tramandaí (RS);4321600;41585;Sim;3701;0.135295;Sim;Não;1;-;0
Três Rios - Paraíba do Sul/RJ;;;;;;;;;;
Chiador (MG);3116209;2785;Não;342;0.18328;Não;Não;1;-;1
Comendador Levy Gasparian (RJ);3300951;8180;Não;1730;0.304846;Não;Sim;1;-;0
Paraíba do Sul (RJ);3303708;41084;Sim;2559;0.092359;Sim;Não;1;-;0
Santana do Deserto (MG);3158607;3860;Não;630;0.265599;Não;Não;2;Via Comendador Levy Gasparian (RJ);0
Três Rios (RJ);3306008;77432;Sim;4137;0.079642;Não;Não;1;-;0
Tubarão - Laguna/SC;;;;;;;;;;
Capivari de Baixo (SC);4203956;21674;Não;7702;0.486944;Sim;Sim;1;-;0
Gravatal (SC);4206207;10635;Não;1569;0.197657;Sim;Não;1;-;0
Laguna (SC);4209409;51562;Sim;4464;0.129764;Sim;Não;1;-;0
Tubarão (SC);4218707;97235;Sim;10345;0.144621;Sim;Não;1;-;0
Tupã/SP;;;;;;;;;;
Arco-Íris (SP);3503356;1925;Não;257;0.198916;Não;Sim;1;-;0
Queiroz (SP);3541802;2808;Não;448;0.245614;Não;Não;1;-;0
Tupã (SP);3555000;63476;Sim;695;0.016552;Não;Não;1;-;0
Tupi Paulista/SP;;;;;;;;;;
Nova Guataporanga (SP);3533106;2177;Não;303;0.212482;Não;Não;1;-;0
Tupi Paulista (SP);3555109;14269;Sim;303;0.033165;Não;Não;1;-;0
Ubá/MG;;;;;;;;;;
Rodeiro (MG);3156304;6867;Não;916;0.187551;Não;Não;1;-;0
Ubá (MG);3169901;101519;Sim;916;0.012795;Não;Não;1;-;0
Ubaitaba - Aurelino Leal/BA;;;;;;;;;;
Aurelino Leal (BA);2902401;13595;Sim;914;0.103722;Sim;Não;1;-;0
Ubaitaba (BA);2932200;20691;Sim;914;0.06654;Sim;Não;1;-;0
Umuarama/PR;;;;;;;;;;
Maria Helena (PR);4114708;5956;Não;743;0.174536;Não;Não;1;-;0
Umuarama (PR);4128104;100676;Sim;743;0.009934;Não;Não;1;-;0
União da Vitória/PR - Porto União/SC;;;;;;;;;;
Porto União (SC);4213609;33493;Sim;9194;0.374593;Sim;Não;1;-;0
União da Vitória (PR);4128203;52735;Sim;9194;0.244417;Sim;Não;1;-;0
Uruçuí/PI;;;;;;;;;;
Benedito Leite (MA);2101806;5469;Não;399;0.114952;Sim;Não;1;-;0
Uruçuí (PI);2211209;20149;Sim;399;0.030326;Sim;Não;1;-;0
Valença/RJ;;;;;;;;;;
Rio Preto (MG);3155900;5292;Não;709;0.212085;Não;Não;1;-;0
Valença (RJ);3306107;71843;Sim;709;0.014213;Não;Não;1;-;0
Valparaíso/SP;;;;;;;;;;
Bento de Abreu (SP);3506201;2674;Não;525;0.288462;Não;Não;1;-;0
Valparaíso (SP);3556305;22576;Sim;525;0.03845;Não;Não;1;-;0
Venâncio Aires/RS;;;;;;;;;;
Mato Leitão (RS);4312153;3865;Não;779;0.253416;Não;Sim;1;-;0
Venâncio Aires (RS);4322608;65946;Sim;779;0.015119;Não;Não;1;-;0
Vera Cruz - Itaparica/BA;;;;;;;;;;
Itaparica (BA);2916104;20725;Sim;952;0.070279;Sim;Não;1;-;0
Vera Cruz (BA);2933208;37567;Sim;952;0.03598;Sim;Não;1;-;0
Veranópolis/RS;;;;;;;;;;
Veranópolis (RS);4322806;22810;Sim;436;0.024857;Não;Não;1;-;0
Vila Flores (RS);4323309;3207;Não;436;0.186564;Não;Sim;1;-;0
Viçosa/MG;;;;;;;;;;
Cajuri (MG);3110202;4047;Não;452;0.173713;Não;Não;1;-;0
Viçosa (MG);3171303;72220;Sim;452;0.008266;Não;Não;1;-;0
Vitória/ES;;;;;;;;;;
Cariacica (ES);3201308;348738;Sim;93737;0.391546;Sim;Não;1;-;0
Fundão (ES);3202207;17025;Não;2763;0.228366;Não;Não;1;-;1
Serra (ES);3205002;409267;Sim;86763;0.29875;Sim;Não;1;-;0
Viana (ES);3205101;65001;Não;20578;0.479484;Sim;Não;1;-;0
Vila Velha (ES);3205200;414586;Sim;94509;0.315638;Sim;Não;1;-;0
Vitória (ES);3205309;327801;Sim;162936;0.66338;Sim;Não;1;-;0
Volta Redonda - Barra Mansa/RJ;;;;;;;;;;
Barra Mansa (RJ);3300407;177813;Sim;20812;0.172781;Sim;Não;1;-;0
Pinheiral (RJ);3303955;22719;Não;3787;0.272976;Sim;Não;1;-;0
Volta Redonda (RJ);3306305;257803;Sim;24057;0.136936;Sim;Não;1;-;0
Votuporanga/SP;;;;;;;;;;
Álvares Florence (SP);3501202;3897;Não;609;0.250411;Não;Não;1;-;0
Parisi (SP);3536257;2032;Não;464;0.315003;Não;Sim;1;-;0
Sebastianópolis do Sul (SP);3551306;3031;Não;797;0.375235;Não;Não;1;-;0
Votuporanga (SP);3557105;84692;Sim;1766;0.028922;Não;Não;1;-;0
"Fonte: IBGE, Censo Demográfico 2010. 
Nota: Arranjos populacionais identificados segundo metodologia desenvolvida pela Coordenação de Geografia do IBGE.   ";;;;;;;;;;
